timestamp,X,Y,Z
1764071233132,0.016759,-0.100556,9.823410
1764071233140,-0.098162,0.052672,9.837775
1764071233148,0.067038,-0.019154,9.775525
1764071233156,-0.016759,-0.021548,9.940725
1764071233164,-0.074220,0.023942,9.852140
1764071233172,0.076614,-0.117316,9.825804
1764071233180,-0.043096,-0.172383,9.830592
1764071233188,-0.028730,-0.076614,9.835381
1764071233196,0.067038,-0.055067,9.868899
1764071233204,-0.038307,0.002394,9.878476
1764071233212,-0.055067,0.105345,9.854534
1764071233220,0.040701,-0.062249,9.806650
1764071233228,-0.043096,-0.009577,9.878476
1764071233236,-0.016759,-0.071826,9.854534
1764071233244,0.040701,-0.071826,9.866506
1764071233252,-0.050278,0.023942,9.873688
1764071233260,-0.016759,0.107739,9.856929
1764071233268,0.004788,0.093374,9.868899
1764071233276,-0.040701,0.100556,9.849746
1764071233284,-0.004788,0.009577,9.876082
1764071233292,0.009577,-0.131681,9.813833
1764071233300,-0.038307,-0.050278,9.904813
1764071233308,0.031125,-0.079009,9.844957
1764071233316,-0.007183,0.000000,9.852140
1764071233324,-0.043096,0.052672,9.873688
1764071233332,0.028730,-0.071826,9.785102
1764071233340,-0.028730,0.023942,9.890448
1764071233348,-0.011971,-0.064643,9.835381
1764071233356,0.033519,-0.052672,9.840169
1764071233364,-0.040701,-0.009577,9.871294
1764071233372,0.002394,-0.067038,9.804255
1764071233380,0.004788,-0.026336,9.873688
1764071233388,-0.043096,-0.047884,9.830592
1764071233396,0.011971,-0.035913,9.871294
1764071233404,0.016759,-0.026336,9.854534
1764071233413,-0.038307,0.045490,9.854534
1764071233421,0.004788,0.028730,9.844957
1764071233429,0.009577,0.033519,9.849746
1764071233437,-0.040701,-0.004788,9.837775
1764071233445,0.009577,-0.074220,9.849746
1764071233453,0.011971,-0.028730,9.852140
1764071233461,-0.035913,-0.071826,9.856929
1764071233469,0.009577,-0.016759,9.868899
1764071233477,-0.007183,0.000000,9.828198
1764071233485,-0.026336,-0.004788,9.871294
1764071233493,0.000000,0.023942,9.837775
1764071233501,-0.004788,-0.002394,9.847352
1764071233509,-0.021548,-0.002394,9.876082
1764071233517,0.004788,-0.057461,9.825804
1764071233525,-0.021548,-0.002394,9.854534
1764071233533,-0.011971,-0.067038,9.864111
1764071233541,-0.002394,0.009577,9.840169
1764071233549,-0.016759,0.011971,9.856929
1764071233557,-0.023942,-0.004788,9.852140
1764071233565,0.004788,0.031125,9.852140
1764071233573,-0.019154,-0.009577,9.847352
1764071233581,-0.011971,-0.064643,9.837775
1764071233589,0.009577,-0.038307,9.852140
1764071233597,-0.011971,-0.083797,9.840169
1764071233605,-0.021548,-0.021548,9.835381
1764071233613,0.014365,0.007183,9.871294
1764071233621,-0.031125,0.009577,9.835381
1764071233629,-0.011971,-0.028730,9.852140
1764071233637,0.004788,0.007183,9.832987
1764071233645,-0.011971,-0.064643,9.854534
1764071233653,-0.004788,-0.023942,9.847352
1764071233661,-0.007183,-0.009577,9.844957
1764071233669,-0.002394,-0.021548,9.832987
1764071233677,-0.007183,-0.007183,9.871294
1764071233685,-0.016759,0.009577,9.859323
1764071233693,-0.011971,-0.004788,9.856929
1764071233701,-0.002394,0.023942,9.847352
1764071233709,-0.023942,0.000000,9.837775
1764071233717,0.002394,-0.035913,9.856929
1764071233725,-0.004788,-0.009577,9.854534
1764071233733,-0.011971,-0.047884,9.847352
1764071233741,0.002394,-0.081403,9.852140
1764071233749,-0.019154,-0.033519,9.842564
1764071233757,-0.002394,-0.028730,9.861717
1764071233765,-0.011971,0.007183,9.859323
1764071233773,-0.011971,0.064643,9.868899
1764071233781,-0.007183,-0.002394,9.832987
1764071233789,-0.002394,-0.002394,9.854534
1764071233797,-0.019154,-0.002394,9.868899
1764071233805,0.002394,-0.057461,9.844957
1764071233813,-0.016759,-0.023942,9.856929
1764071233821,-0.011971,-0.016759,9.856929
1764071233829,-0.002394,-0.035913,9.849746
1764071233837,-0.021548,0.002394,9.873688
1764071233845,0.007183,-0.011971,9.844957
1764071233853,-0.009577,-0.026336,9.864111
1764071233861,-0.007183,0.009577,9.856929
1764071233869,0.002394,-0.019154,9.847352
1764071233877,-0.023942,-0.045490,9.861717
1764071233885,-0.011971,-0.009577,9.861717
1764071233893,0.011971,-0.019154,9.852140
1764071233901,-0.028730,-0.004788,9.861717
1764071233909,0.011971,0.026336,9.840169
1764071233917,-0.011971,-0.002394,9.859323
1764071233925,-0.033519,0.043096,9.873688
1764071233933,0.028730,0.055067,9.856929
1764071233941,-0.014365,-0.055067,9.816227
1764071233949,-0.011971,-0.150835,9.828198
1764071233957,0.009577,-0.227449,9.811439
1764071233965,-0.011971,-0.189142,9.859323
1764071233973,0.002394,0.007183,9.880871
1764071233981,0.002394,0.181959,9.885659
1764071233989,-0.045490,0.210690,9.849746
1764071233997,-0.040701,0.172383,9.818622
1764071234005,0.002394,0.074220,9.873688
1764071234013,-0.009577,-0.090980,9.861717
1764071234021,-0.009577,-0.136469,9.866506
1764071234029,0.000000,-0.138864,9.830592
1764071234037,-0.004788,-0.119710,9.823410
1764071234045,-0.007183,0.023942,9.861717
1764071234053,0.026336,0.004788,9.825804
1764071234061,-0.035913,0.007183,9.900024
1764071234069,-0.035913,-0.031125,9.830592
1764071234077,0.031125,-0.033519,9.859323
1764071234085,-0.033519,-0.045490,9.864111
1764071234093,-0.019154,-0.002394,9.837775
1764071234101,0.026336,-0.007183,9.847352
1764071234109,-0.028730,-0.014365,9.859323
1764071234117,-0.014365,0.011971,9.859323
1764071234125,0.009577,-0.016759,9.832987
1764071234133,-0.023942,0.019154,9.890448
1764071234141,-0.002394,-0.009577,9.849746
1764071234149,-0.004788,-0.023942,9.837775
1764071234157,-0.016759,-0.021548,9.856929
1764071234165,0.004788,-0.059855,9.828198
1764071234173,-0.026336,-0.040701,9.868899
1764071234181,0.007183,-0.033519,9.837775
1764071234189,-0.007183,0.028730,9.861717
1764071234197,-0.043096,-0.004788,9.854534
1764071234205,-0.007183,0.004788,9.844957
1764071234213,0.004788,-0.007183,9.849746
1764071234221,-0.035913,-0.071826,9.854534
1764071234229,-0.011971,-0.009577,9.861717
1764071234237,0.019154,-0.004788,9.832987
1764071234245,-0.021548,-0.016759,9.878476
1764071234253,-0.021548,0.011971,9.844957
1764071234261,0.011971,-0.028730,9.844957
1764071234269,-0.019154,-0.023942,9.868899
1764071234277,-0.016759,-0.033519,9.854534
1764071234285,0.009577,0.000000,9.835381
1764071234293,0.007183,-0.043096,9.840169
1764071234301,-0.026336,0.014365,9.847352
1764071234309,0.009577,-0.035913,9.859323
1764071234317,-0.016759,-0.026336,9.840169
1764071234325,-0.023942,-0.009577,9.864111
1764071234333,0.007183,-0.033519,9.835381
1764071234341,-0.021548,0.004788,9.854534
1764071234349,0.009577,-0.031125,9.821015
1764071234357,0.007183,-0.031125,9.856929
1764071234365,-0.040701,-0.019154,9.854534
1764071234373,0.026336,-0.016759,9.849746
1764071234381,-0.021548,-0.009577,9.854534
1764071234389,-0.033519,-0.007183,9.847352
1764071234397,0.035913,-0.009577,9.840169
1764071234405,-0.016759,-0.043096,9.837775
1764071234413,-0.019154,-0.028730,9.864111
1764071234421,0.035913,-0.033519,9.842564
1764071234429,-0.028730,-0.011971,9.876082
1764071234437,-0.016759,0.000000,9.861717
1764071234445,0.004788,-0.004788,9.840169
1764071234453,-0.038307,-0.002394,9.859323
1764071234461,-0.002394,-0.043096,9.842564
1764071234469,0.007183,-0.011971,9.866506
1764071234477,-0.026336,-0.026336,9.844957
1764071234485,0.000000,-0.016759,9.864111
1764071234493,-0.011971,-0.007183,9.847352
1764071234501,-0.019154,-0.016759,9.854534
1764071234509,0.004788,-0.009577,9.840169
1764071234517,-0.014365,-0.016759,9.849746
1764071234525,-0.016759,-0.004788,9.861717
1764071234533,0.009577,-0.026336,9.842564
1764071234541,-0.019154,0.000000,9.856929
1764071234549,-0.019154,-0.045490,9.861717
1764071234557,0.009577,-0.019154,9.842564
1764071234565,-0.007183,0.000000,9.876082
1764071234573,-0.011971,-0.009577,9.849746
1764071234581,0.009577,0.002394,9.854534
1764071234589,-0.016759,-0.004788,9.842564
1764071234597,-0.019154,-0.052672,9.852140
1764071234605,0.016759,-0.019154,9.847352
1764071234613,-0.016759,-0.014365,9.837775
1764071234621,-0.019154,-0.019154,9.864111
1764071234629,0.009577,0.004788,9.832987
1764071234637,-0.026336,-0.002394,9.825804
1764071234645,0.019154,-0.043096,9.892841
1764071234653,0.000000,-0.007183,9.876082
1764071234661,-0.028730,-0.023942,9.842564
1764071234669,0.014365,0.002394,9.849746
1764071234677,-0.004788,0.026336,9.866506
1764071234685,-0.026336,-0.028730,9.825804
1764071234693,0.014365,-0.028730,9.842564
1764071234701,-0.023942,-0.028730,9.854534
1764071234709,-0.021548,-0.055067,9.864111
1764071234717,0.021548,-0.033519,9.849746
1764071234725,-0.023942,-0.011971,9.861717
1764071234733,-0.019154,0.007183,9.861717
1764071234741,0.007183,-0.033519,9.842564
1764071234749,-0.033519,-0.007183,9.873688
1764071234757,0.000000,-0.057461,9.847352
1764071234765,0.014365,-0.002394,9.856929
1764071234773,-0.040701,-0.021548,9.856929
1764071234781,-0.002394,-0.023942,9.844957
1764071234789,-0.011971,-0.004788,9.837775
1764071234797,-0.028730,-0.038307,9.837775
1764071234805,-0.002394,-0.026336,9.844957
1764071234813,-0.004788,0.004788,9.847352
1764071234821,-0.004788,0.000000,9.868899
1764071234829,-0.007183,-0.028730,9.840169
1764071234837,-0.004788,-0.007183,9.861717
1764071234845,-0.004788,-0.040701,9.844957
1764071234853,-0.009577,-0.040701,9.844957
1764071234861,-0.009577,0.019154,9.866506
1764071234869,-0.002394,-0.043096,9.840169
1764071234877,-0.007183,0.033519,9.854534
1764071234885,-0.004788,-0.021548,9.849746
1764071234893,-0.023942,-0.009577,9.864111
1764071234901,0.009577,-0.045490,9.849746
1764071234909,-0.023942,0.004788,9.861717
1764071234917,-0.004788,-0.040701,9.859323
1764071234925,0.007183,-0.007183,9.837775
1764071234933,-0.021548,-0.007183,9.878476
1764071234941,-0.014365,-0.031125,9.847352
1764071234949,0.011971,-0.007183,9.842564
1764071234957,-0.028730,-0.004788,9.849746
1764071234965,-0.004788,-0.035913,9.876082
1764071234973,0.007183,0.009577,9.840169
1764071234981,-0.033519,-0.019154,9.868899
1764071234989,0.002394,-0.011971,9.854534
1764071234997,-0.016759,-0.002394,9.842564
1764071235005,-0.014365,-0.014365,9.847352
1764071235013,-0.002394,-0.052672,9.842564
1764071235021,0.002394,0.004788,9.856929
1764071235029,-0.043096,-0.045490,9.852140
1764071235037,0.011971,-0.009577,9.837775
1764071235045,-0.014365,0.007183,9.861717
1764071235053,-0.007183,-0.016759,9.832987
1764071235061,-0.035913,-0.019154,9.844957
1764071235069,-0.007183,0.009577,9.854534
1764071235077,0.007183,-0.045490,9.842564
1764071235085,-0.014365,-0.011971,9.852140
1764071235093,-0.014365,-0.019154,9.847352
1764071235101,0.009577,-0.052672,9.856929
1764071235109,-0.028730,0.004788,9.859323
1764071235117,-0.011971,-0.019154,9.861717
1764071235125,0.002394,-0.028730,9.832987
1764071235133,-0.023942,0.016759,9.847352
1764071235141,0.009577,-0.019154,9.864111
1764071235149,0.014365,-0.040701,9.852140
1764071235157,-0.021548,-0.014365,9.864111
1764071235165,0.000000,-0.035913,9.852140
1764071235173,-0.004788,-0.031125,9.849746
1764071235181,-0.019154,-0.002394,9.856929
1764071235189,-0.009577,-0.028730,9.849746
1764071235197,-0.009577,-0.019154,9.856929
1764071235205,-0.007183,0.009577,9.849746
1764071235213,-0.016759,-0.026336,9.849746
1764071235221,0.000000,-0.011971,9.835381
1764071235229,-0.002394,-0.023942,9.852140
1764071235237,-0.014365,-0.047884,9.861717
1764071235245,-0.004788,-0.026336,9.840169
1764071235253,-0.019154,-0.009577,9.852140
1764071235261,-0.019154,-0.014365,9.849746
1764071235269,0.007183,0.009577,9.825804
1764071235277,-0.019154,0.009577,9.864111
1764071235285,-0.016759,-0.033519,9.844957
1764071235293,-0.009577,-0.004788,9.868899
1764071235301,0.000000,-0.014365,9.849746
1764071235309,-0.021548,-0.040701,9.842564
1764071235317,-0.016759,-0.004788,9.871294
1764071235325,0.016759,-0.021548,9.830592
1764071235333,-0.019154,-0.045490,9.859323
1764071235341,-0.023942,0.002394,9.828198
1764071235349,0.047884,-0.019154,9.844957
1764071235357,-0.067038,-0.009577,9.866506
1764071235365,-0.009577,-0.026336,9.830592
1764071235373,0.031125,0.014365,9.871294
1764071235381,-0.040701,-0.059855,9.854534
1764071235389,-0.009577,0.014365,9.866506
1764071235397,0.028730,-0.026336,9.818622
1764071235405,-0.045490,-0.004788,9.868899
1764071235413,-0.002394,-0.019154,9.876082
1764071235421,0.002394,-0.011971,9.840169
1764071235429,-0.021548,-0.009577,9.883265
1764071235437,0.014365,-0.062249,9.835381
1764071235445,-0.033519,-0.009577,9.868899
1764071235453,-0.002394,-0.023942,9.847352
1764071235461,0.016759,0.079009,9.868899
1764071235469,-0.035913,0.062249,9.849746
1764071235477,0.009577,-0.016759,9.828198
1764071235485,-0.014365,-0.031125,9.859323
1764071235493,-0.011971,-0.126893,9.830592
1764071235501,0.014365,-0.059855,9.878476
1764071235509,-0.004788,-0.047884,9.828198
1764071235517,-0.014365,-0.019154,9.847352
1764071235525,-0.011971,-0.002394,9.837775
1764071235533,-0.002394,0.040701,9.861717
1764071235541,-0.002394,-0.002394,9.871294
1764071235549,-0.026336,-0.026336,9.844957
1764071235557,-0.011971,-0.002394,9.847352
1764071235565,-0.007183,-0.090980,9.830592
1764071235573,-0.038307,0.009577,9.878476
1764071235581,0.028730,0.004788,9.837775
1764071235589,-0.004788,-0.011971,9.847352
1764071235597,-0.050278,0.009577,9.871294
1764071235605,0.026336,-0.016759,9.818622
1764071235613,-0.019154,-0.009577,9.868899
1764071235621,-0.057461,-0.035913,9.849746
1764071235629,0.023942,-0.009577,9.837775
1764071235637,-0.011971,-0.043096,9.837775
1764071235645,-0.043096,-0.004788,9.871294
1764071235653,0.021548,-0.023942,9.837775
1764071235661,-0.040701,-0.033519,9.861717
1764071235669,-0.028730,-0.016759,9.878476
1764071235677,0.009577,-0.038307,9.830592
1764071235685,-0.026336,-0.007183,9.847352
1764071235693,-0.009577,-0.019154,9.856929
1764071235701,0.011971,-0.007183,9.837775
1764071235709,-0.026336,-0.014365,9.852140
1764071235717,-0.009577,-0.002394,9.859323
1764071235725,0.016759,-0.011971,9.842564
1764071235733,-0.016759,-0.019154,9.847352
1764071235741,-0.019154,-0.014365,9.854534
1764071235749,0.011971,-0.016759,9.840169
1764071235757,0.002394,0.000000,9.856929
1764071235765,-0.023942,-0.023942,9.835381
1764071235773,0.000000,-0.026336,9.871294
1764071235781,0.004788,-0.016759,9.849746
1764071235789,-0.033519,-0.031125,9.854534
1764071235797,0.002394,-0.035913,9.847352
1764071235805,-0.009577,-0.031125,9.830592
1764071235813,-0.019154,-0.002394,9.873688
1764071235821,0.004788,-0.014365,9.835381
1764071235829,-0.011971,0.019154,9.861717
1764071235837,-0.021548,-0.031125,9.842564
1764071235845,0.000000,-0.023942,9.849746
1764071235853,-0.016759,-0.009577,9.861717
1764071235861,-0.016759,-0.035913,9.835381
1764071235869,0.004788,-0.023942,9.847352
1764071235877,-0.009577,-0.019154,9.837775
1764071235885,-0.019154,-0.014365,9.878476
1764071235893,-0.007183,-0.011971,9.835381
1764071235901,-0.007183,-0.004788,9.864111
1764071235909,-0.016759,-0.021548,9.837775
1764071235917,-0.004788,-0.016759,9.859323
1764071235925,-0.002394,-0.011971,9.832987
1764071235933,-0.011971,-0.019154,9.849746
1764071235941,-0.004788,-0.019154,9.864111
1764071235949,-0.004788,-0.014365,9.847352
1764071235957,0.000000,-0.019154,9.854534
1764071235965,-0.007183,-0.002394,9.859323
1764071235973,-0.004788,0.004788,9.832987
1764071235981,-0.009577,-0.021548,9.864111
1764071235989,-0.014365,-0.026336,9.849746
1764071235997,-0.004788,-0.021548,9.837775
1764071236005,-0.019154,-0.007183,9.866506
1764071236013,-0.009577,-0.002394,9.842564
1764071236021,-0.011971,0.000000,9.847352
1764071236029,-0.007183,-0.047884,9.840169
1764071236037,-0.028730,0.009577,9.864111
1764071236045,0.002394,-0.040701,9.849746
1764071236053,-0.014365,-0.014365,9.856929
1764071236061,-0.021548,-0.026336,9.844957
1764071236069,0.009577,-0.023942,9.828198
1764071236077,0.000000,0.002394,9.861717
1764071236085,-0.031125,-0.031125,9.852140
1764071236093,0.009577,-0.014365,9.856929
1764071236101,-0.011971,-0.047884,9.842564
1764071236109,-0.033519,-0.023942,9.871294
1764071236117,0.016759,-0.023942,9.837775
1764071236125,-0.011971,-0.002394,9.842564
1764071236133,-0.019154,-0.004788,9.852140
1764071236141,-0.009577,-0.028730,9.861717
1764071236149,-0.014365,0.002394,9.859323
1764071236157,-0.016759,-0.043096,9.844957
1764071236166,-0.009577,-0.004788,9.871294
1764071236174,-0.009577,-0.033519,9.828198
1764071236182,-0.002394,-0.011971,9.861717
1764071236190,-0.021548,-0.023942,9.861717
1764071236198,-0.004788,-0.019154,9.828198
1764071236206,-0.002394,0.004788,9.859323
1764071236214,0.000000,-0.035913,9.847352
1764071236222,-0.021548,-0.019154,9.868899
1764071236230,-0.009577,-0.009577,9.852140
1764071236238,-0.011971,-0.026336,9.871294
1764071236246,-0.016759,-0.007183,9.849746
1764071236254,-0.038307,-0.016759,9.854534
1764071236262,0.007183,-0.014365,9.847352
1764071236270,0.000000,-0.019154,9.847352
1764071236278,-0.016759,-0.009577,9.866506
1764071236286,-0.019154,-0.038307,9.844957
1764071236294,0.000000,-0.016759,9.859323
1764071236302,-0.007183,-0.007183,9.852140
1764071236310,0.007183,-0.021548,9.852140
1764071236318,-0.014365,0.004788,9.856929
1764071236326,-0.011971,-0.031125,9.854534
1764071236334,-0.038307,-0.021548,9.859323
1764071236342,0.011971,-0.021548,9.837775
1764071236350,-0.007183,-0.026336,9.861717
1764071236358,0.000000,-0.033519,9.861717
1764071236366,0.023942,-0.028730,9.842564
1764071236374,-0.007183,-0.016759,9.856929
1764071236382,0.040701,-0.014365,9.864111
1764071236390,-0.016759,0.002394,9.859323
1764071236398,-0.021548,-0.028730,9.849746
1764071236406,0.000000,-0.016759,9.866506
1764071236414,-0.011971,0.031125,9.847352
1764071236422,0.069432,-0.043096,9.883265
1764071236430,0.253785,-0.086191,9.813833
1764071236438,0.186748,-0.035913,9.844957
1764071236446,0.019154,-0.016759,9.880871
1764071236454,-0.112527,-0.021548,9.909601
1764071236462,-0.057461,-0.026336,9.835381
1764071236470,0.057461,-0.023942,9.804255
1764071236478,-0.011971,-0.004788,9.832987
1764071236486,-0.055067,-0.016759,9.842564
1764071236494,-0.083797,-0.009577,9.871294
1764071236502,-0.014365,0.004788,9.821015
1764071236510,-0.031125,0.007183,9.873688
1764071236518,0.105345,-0.004788,9.799467
1764071236526,0.158017,0.014365,9.842564
1764071236534,0.246603,0.009577,9.876082
1764071236542,0.270545,-0.033519,9.799467
1764071236550,0.083797,-0.021548,9.871294
1764071236558,-0.052672,-0.021548,9.868899
1764071236566,-0.251391,-0.011971,9.830592
1764071236574,-0.280122,0.016759,9.847352
1764071236582,-0.198719,-0.031125,9.880871
1764071236590,-0.095768,0.007183,9.825804
1764071236598,0.011971,-0.016759,9.880871
1764071236606,0.143652,-0.007183,9.837775
1764071236614,0.244209,0.026336,9.830592
1764071236622,0.193930,0.047884,9.842564
1764071236630,0.172383,0.028730,9.859323
1764071236638,0.081403,-0.011971,9.830592
1764071236646,-0.095768,-0.064643,9.859323
1764071236654,-0.169988,-0.059855,9.902418
1764071236662,-0.213084,-0.110133,9.866506
1764071236670,-0.282516,-0.074220,9.828198
1764071236678,-0.337582,-0.083797,9.878476
1764071236686,-0.004788,0.004788,9.825804
1764071236694,0.150835,-0.011971,9.854534
1764071236702,0.181959,-0.011971,9.849746
1764071236710,0.193930,0.002394,9.890448
1764071236718,0.225055,0.067038,9.806650
1764071236726,0.129287,0.100556,9.847352
1764071236734,0.033519,0.050278,9.854534
1764071236742,0.009577,0.028730,9.837775
1764071236750,-0.079009,0.026336,9.842564
1764071236758,-0.169988,-0.002394,9.885659
1764071236766,-0.153229,-0.033519,9.868899
1764071236774,-0.088585,-0.009577,9.811439
1764071236782,0.026336,0.040701,9.837775
1764071236790,0.081403,0.071826,9.844957
1764071236798,0.126893,0.052672,9.823410
1764071236806,0.203507,0.095768,9.859323
1764071236814,0.313640,0.146046,9.799467
1764071236822,0.260968,0.234632,9.847352
1764071236830,-0.093374,0.148441,9.895236
1764071236838,-0.117316,0.122104,9.792285
1764071236846,-0.215478,0.129287,9.809045
1764071236854,-0.356736,0.038307,9.902418
1764071236862,-0.294487,-0.093374,9.871294
1764071236870,-0.189142,-0.069432,9.904813
1764071236878,-0.095768,-0.213084,9.859323
1764071236886,-0.131681,-0.253785,9.787497
1764071236894,-0.100556,-0.232238,9.868899
1764071236902,-0.129287,-0.287304,9.878476
1764071236910,-0.026336,-0.162806,9.840169
1764071236918,0.057461,-0.110133,9.866506
1764071236926,0.007183,-0.079009,9.816227
1764071236934,0.009577,-0.019154,9.806650
1764071236942,0.033519,0.014365,9.890448
1764071236950,0.026336,0.004788,9.866506
1764071236958,-0.031125,-0.043096,9.902418
1764071236966,-0.086191,-0.069432,9.847352
1764071236974,-0.023942,-0.052672,9.840169
1764071236982,-0.064643,-0.067038,9.880871
1764071236990,0.011971,-0.062249,9.849746
1764071236998,0.057461,-0.021548,9.844957
1764071237006,0.052672,0.031125,9.852140
1764071237014,-0.026336,0.023942,9.835381
1764071237022,-0.031125,0.033519,9.830592
1764071237030,-0.007183,0.071826,9.866506
1764071237038,0.021548,0.119710,9.895236
1764071237046,0.071826,0.081403,9.825804
1764071237054,0.086191,-0.009577,9.880871
1764071237062,0.134075,0.033519,9.825804
1764071237070,0.560243,0.052672,9.821015
1764071237078,0.268151,0.019154,9.871294
1764071237086,0.052672,0.023942,9.883265
1764071237094,0.076614,0.045490,9.801862
1764071237102,0.009577,0.069432,9.789890
1764071237110,-0.009577,0.014365,9.835381
1764071237118,0.021548,-0.026336,9.871294
1764071237126,0.033519,-0.016759,9.844957
1764071237134,-0.112527,-0.002394,9.909601
1764071237142,-0.112527,0.004788,9.679757
1764071237150,-0.016759,0.040701,9.861717
1764071237158,0.009577,0.093374,9.799467
1764071237166,0.081403,0.114922,9.890448
1764071237174,0.246603,0.088585,9.828198
1764071237182,0.177171,0.181959,9.727641
1764071237190,0.248997,0.086191,10.017340
1764071237198,0.181959,0.064643,9.694122
1764071237206,0.263362,0.124498,9.835381
1764071237214,0.155623,0.038307,10.007763
1764071237222,0.239420,0.148441,9.749189
1764071237230,0.169988,0.213084,10.110714
1764071237238,0.260968,0.131681,9.612720
1764071237246,0.095768,0.076614,10.048465
1764071237254,0.095768,0.081403,9.737218
1764071237262,0.086191,0.086191,9.849746
1764071237270,0.057461,0.083797,9.641450
1764071237278,0.050278,0.069432,9.969456
1764071237286,0.100556,0.165200,9.540894
1764071237294,0.124498,0.011971,10.153810
1764071237302,0.088585,0.153229,9.818622
1764071237310,0.021548,0.007183,10.144233
1764071237318,0.033519,0.074220,9.639056
1764071237326,-0.098162,-0.019154,9.919178
1764071237334,-0.009577,0.045490,9.926360
1764071237342,-0.196325,0.050278,9.538500
1764071237350,-0.215478,-0.026336,10.113108
1764071237358,-0.172383,-0.016759,9.777920
1764071237366,-0.198719,0.016759,9.864111
1764071237374,-0.102951,0.004788,9.991004
1764071237382,-0.213084,-0.052672,9.734824
1764071237390,-0.169988,-0.019154,9.947908
1764071237398,-0.090980,-0.011971,9.868899
1764071237406,-0.102951,-0.098162,10.046070
1764071237414,-0.014365,0.055067,9.773131
1764071237422,-0.083797,-0.141258,9.993398
1764071237430,0.016759,0.050278,9.725247
1764071237438,-0.205901,-0.009577,10.266336
1764071237446,-0.043096,-0.043096,9.835381
1764071237454,-0.069432,-0.052672,9.715671
1764071237462,-0.146046,-0.014365,9.823410
1764071237470,-0.126893,-0.076614,10.017340
1764071237478,-0.009577,-0.028730,9.811439
1764071237486,-0.035913,-0.069432,10.058042
1764071237494,-0.076614,-0.129287,9.914390
1764071237502,-0.148441,-0.124498,9.768343
1764071237510,-0.086191,-0.033519,10.002975
1764071237518,-0.002394,-0.019154,9.742006
1764071237526,-0.035913,-0.095768,10.007763
1764071237534,0.043096,-0.052672,9.639056
1764071237542,-0.047884,0.016759,9.897630
1764071237550,-0.035913,-0.045490,10.072407
1764071237558,0.071826,0.122104,9.828198
1764071237566,-0.028730,0.148441,9.832987
1764071237574,0.114922,0.079009,9.840169
1764071237582,0.107739,0.105345,9.909601
1764071237590,-0.004788,0.153229,9.792285
1764071237598,0.033519,0.126893,10.007763
1764071237606,0.083797,-0.040701,9.888053
1764071237614,-0.031125,0.062249,9.607931
1764071237622,-0.023942,-0.110133,10.165780
1764071237630,0.055067,-0.035913,9.667787
1764071237638,-0.033519,-0.071826,10.024523
1764071237646,-0.126893,-0.002394,9.811439
1764071237654,-0.043096,-0.086191,9.799467
1764071237662,0.081403,-0.067038,9.780313
1764071237670,-0.002394,-0.016759,9.909601
1764071237678,0.031125,-0.107739,9.873688
1764071237686,0.143652,0.062249,9.670180
1764071237694,0.158017,0.110133,9.923966
1764071237702,0.275333,0.100556,9.928755
1764071237710,0.284910,0.050278,9.777920
1764071237718,0.227449,0.055067,9.873688
1764071237726,0.141258,0.050278,9.658210
1764071237734,0.136469,-0.050278,9.696517
1764071237742,-0.112527,-0.129287,9.998186
1764071237750,-0.033519,0.004788,9.842564
1764071237758,0.110133,-0.057461,9.811439
1764071237766,-0.016759,-0.076614,9.892841
1764071237774,-0.009577,0.026336,9.945514
1764071237782,0.045490,-0.021548,10.093954
1764071237790,-0.002394,0.076614,9.811439
1764071237798,-0.031125,0.086191,10.160992
1764071237806,0.177171,0.064643,9.469068
1764071237814,-0.095768,0.100556,10.072407
1764071237822,0.158017,0.045490,9.742006
1764071237830,0.026336,-0.019154,9.703699
1764071237838,0.038307,-0.043096,9.904813
1764071237846,-0.055067,-0.002394,9.804255
1764071237854,-0.107739,-0.102951,10.206482
1764071237862,-0.076614,0.050278,9.854534
1764071237870,0.019154,-0.009577,10.007763
1764071237878,-0.011971,-0.038307,9.914390
1764071237886,0.026336,0.038307,9.684546
1764071237894,0.093374,0.062249,9.876082
1764071237902,0.193930,-0.014365,9.971850
1764071237910,0.165200,0.100556,9.892841
1764071237918,0.095768,0.047884,10.240001
1764071237926,0.246603,0.019154,9.706094
1764071237934,0.028730,0.019154,10.019734
1764071237942,-0.009577,-0.064643,9.856929
1764071237950,0.026336,-0.009577,9.734824
1764071237958,-0.014365,-0.117316,10.070012
1764071237966,0.016759,-0.009577,9.651027
1764071237974,0.100556,-0.043096,10.000581
1764071237982,0.014365,0.023942,10.230424
1764071237990,0.095768,0.167594,9.821015
1764071237998,0.047884,0.007183,10.211270
1764071238006,0.177171,0.014365,9.583989
1764071238014,0.038307,0.033519,9.935937
1764071238022,0.014365,0.040701,9.907207
1764071238030,0.095768,0.033519,9.907207
1764071238038,-0.126893,-0.196325,9.926360
1764071238046,-0.143652,-0.160412,9.607931
1764071238054,-0.177171,-0.090980,9.859323
1764071238062,-0.155623,-0.069432,9.890448
1764071238070,-0.146046,-0.102951,9.856929
1764071238078,-0.016759,0.040701,9.708488
1764071238086,-0.098162,-0.043096,9.804255
1764071238094,-0.055067,-0.047884,9.849746
1764071238102,0.023942,-0.067038,9.914390
1764071238110,0.069432,-0.031125,9.543288
1764071238118,-0.043096,-0.100556,10.158598
1764071238126,0.035913,-0.122104,10.074800
1764071238134,-0.011971,-0.057461,9.572019
1764071238142,0.038307,-0.016759,9.983821
1764071238150,0.119710,0.014365,9.667787
1764071238158,0.009577,-0.112527,10.117896
1764071238166,0.107739,0.028730,9.919178
1764071238174,0.098162,-0.007183,10.141838
1764071238182,0.153229,0.074220,9.823410
1764071238190,0.141258,0.098162,10.002975
1764071238198,0.153229,0.064643,9.837775
1764071238206,0.146046,0.141258,9.641450
1764071238214,0.129287,0.043096,10.074800
1764071238222,0.366313,0.033519,9.835381
1764071238230,0.287304,0.014365,9.756371
1764071238238,0.179565,0.000000,9.971850
1764071238246,0.169988,0.086191,9.619903
1764071238254,0.088585,-0.059855,9.722853
1764071238262,0.114922,-0.069432,9.631873
1764071238270,0.045490,-0.043096,9.722853
1764071238278,0.146046,0.000000,9.926360
1764071238286,0.062249,-0.074220,9.902418
1764071238294,0.110133,-0.067038,10.017340
1764071238302,0.110133,0.074220,9.689334
1764071238310,0.050278,-0.035913,9.923966
1764071238318,0.124498,0.000000,9.773131
1764071238326,0.045490,-0.155623,10.153810
1764071238334,0.131681,0.062249,9.821015
1764071238342,0.064643,-0.045490,9.622296
1764071238350,-0.026336,-0.098162,9.864111
1764071238358,-0.035913,-0.090980,9.749189
1764071238366,0.014365,0.028730,9.907207
1764071238374,-0.007183,-0.160412,9.646238
1764071238382,-0.208296,-0.208296,9.938332
1764071238390,-0.177171,-0.059855,9.835381
1764071238398,-0.124498,-0.067038,9.785102
1764071238406,-0.148441,-0.162806,9.828198
1764071238414,0.026336,-0.069432,9.670180
1764071238422,-0.081403,-0.160412,10.177752
1764071238430,0.136469,0.007183,9.969456
1764071238438,0.074220,-0.124498,9.792285
1764071238446,0.038307,-0.179565,9.612720
1764071238454,-0.028730,-0.146046,9.861717
1764071238462,-0.016759,-0.033519,9.607931
1764071238470,-0.237026,-0.136469,10.261548
1764071238478,-0.055067,-0.117316,9.679757
1764071238486,-0.112527,-0.150835,9.481039
1764071238494,-0.234632,-0.217872,9.981427
1764071238502,-0.143652,-0.198719,9.789890
1764071238510,-0.090980,-0.119710,9.962274
1764071238518,-0.134075,-0.215478,10.010158
1764071238526,-0.014365,-0.167594,9.627085
1764071238534,-0.014365,-0.095768,10.153810
1764071238542,0.057461,0.033519,9.715671
1764071238550,-0.016759,-0.098162,9.911995
1764071238558,0.007183,-0.028730,9.900024
1764071238566,0.000000,-0.019154,9.730036
1764071238574,-0.055067,-0.023942,9.962274
1764071238582,-0.081403,-0.011971,9.868899
1764071238590,-0.136469,-0.172383,10.067618
1764071238598,-0.069432,-0.035913,9.825804
1764071238606,-0.126893,-0.009577,9.780313
1764071238614,-0.148441,-0.026336,10.041282
1764071238622,0.000000,-0.059855,9.828198
1764071238630,0.067038,-0.057461,9.753978
1764071238638,0.023942,-0.098162,10.074800
1764071238646,0.090980,-0.026336,9.617508
1764071238654,-0.067038,-0.071826,10.120291
1764071238662,0.081403,-0.062249,9.753978
1764071238670,-0.011971,-0.035913,10.007763
1764071238678,0.067038,0.090980,9.859323
1764071238686,-0.007183,0.007183,10.058042
1764071238694,0.141258,0.043096,9.988609
1764071238702,0.098162,-0.076614,10.050858
1764071238710,0.019154,-0.004788,9.727641
1764071238718,0.076614,0.004788,9.734824
1764071238726,0.124498,-0.031125,9.861717
1764071238734,0.055067,-0.040701,9.974244
1764071238742,0.332794,0.117316,9.751583
1764071238750,0.220267,0.047884,9.761160
1764071238758,0.138864,0.038307,10.086772
1764071238766,0.222661,0.165200,9.787497
1764071238774,0.258574,0.114922,9.799467
1764071238782,0.325611,0.093374,9.916783
1764071238790,0.090980,0.009577,10.105926
1764071238798,0.110133,0.043096,9.931149
1764071238806,0.181959,0.000000,10.048465
1764071238814,0.129287,0.014365,10.103531
1764071238822,0.186748,0.107739,9.864111
1764071238830,0.102951,0.064643,9.722853
1764071238838,0.067038,0.033519,9.821015
1764071238846,0.126893,-0.007183,9.545682
1764071238854,0.129287,0.028730,9.861717
1764071238862,0.184354,0.055067,9.969456
1764071238870,0.110133,0.052672,10.010158
1764071238878,0.117316,0.064643,9.844957
1764071238886,0.191536,0.088585,9.909601
1764071238894,-0.038307,-0.119710,9.883265
1764071238902,-0.052672,-0.052672,9.674969
1764071238910,-0.023942,-0.088585,9.919178
1764071238918,0.000000,-0.069432,9.610326
1764071238926,0.007183,-0.138864,9.746795
1764071238934,0.031125,-0.090980,9.751583
1764071238942,-0.050278,-0.222661,9.777920
1764071238950,-0.021548,-0.064643,9.988609
1764071238958,0.052672,-0.057461,9.900024
1764071238966,-0.100556,-0.146046,10.050858
1764071238974,-0.064643,-0.098162,9.801862
1764071238982,-0.074220,-0.055067,10.278308
1764071238990,-0.177171,-0.122104,9.782708
1764071238998,-0.256180,-0.186748,9.792285
1764071239006,-0.131681,-0.028730,9.933543
1764071239014,-0.153229,-0.067038,10.053253
1764071239022,-0.062249,-0.102951,9.651027
1764071239030,-0.189142,-0.110133,10.062830
1764071239038,-0.136469,-0.150835,9.854534
1764071239046,-0.052672,-0.102951,9.464279
1764071239054,0.124498,-0.002394,10.105926
1764071239062,0.126893,0.069432,10.170568
1764071239070,0.067038,-0.011971,9.703699
1764071239078,0.031125,-0.081403,9.636662
1764071239086,0.021548,-0.009577,9.825804
1764071239094,0.102951,0.040701,10.019734
1764071239102,0.019154,0.026336,9.943120
1764071239110,0.021548,0.028730,9.885659
1764071239118,0.155623,0.155623,9.694122
1764071239126,0.189142,0.086191,9.923966
1764071239134,0.035913,0.009577,10.048465
1764071239142,0.050278,-0.007183,9.880871
1764071239150,0.059855,-0.028730,10.053253
1764071239158,-0.076614,-0.088585,9.928755
1764071239166,-0.026336,0.023942,9.765948
1764071239174,-0.105345,-0.059855,10.022128
1764071239182,0.062249,0.023942,10.072407
1764071239190,-0.055067,-0.011971,9.751583
1764071239198,-0.019154,-0.052672,9.818622
1764071239206,-0.028730,-0.086191,9.749189
1764071239214,-0.126893,-0.069432,9.679757
1764071239222,0.000000,-0.081403,9.777920
1764071239230,-0.093374,-0.086191,10.144233
1764071239238,0.004788,0.074220,9.859323
1764071239246,-0.047884,-0.045490,9.876082
1764071239254,-0.011971,-0.067038,9.780313
1764071239262,-0.043096,-0.043096,9.866506
1764071239270,0.002394,-0.114922,9.988609
1764071239278,0.016759,-0.067038,9.809045
1764071239286,0.026336,-0.095768,9.593566
1764071239294,0.064643,-0.026336,9.682152
1764071239302,0.083797,0.035913,9.995792
1764071239310,-0.031125,-0.090980,10.060435
1764071239318,0.038307,0.043096,9.725247
1764071239326,0.009577,0.028730,9.868899
1764071239334,0.009577,-0.045490,9.938332
1764071239342,-0.011971,-0.119710,9.835381
1764071239350,0.035913,-0.002394,9.797073
1764071239358,-0.050278,-0.158017,10.187328
1764071239366,0.107739,-0.114922,9.698911
1764071239374,0.081403,0.004788,9.445126
1764071239382,-0.076614,-0.241814,10.311827
1764071239390,0.055067,-0.086191,9.576807
1764071239398,-0.033519,-0.107739,9.744401
1764071239406,0.035913,-0.038307,10.014946
1764071239414,0.009577,-0.062249,9.849746
1764071239422,0.090980,-0.105345,9.837775
1764071239430,-0.090980,-0.067038,9.854534
1764071239438,-0.007183,-0.023942,9.619903
1764071239446,-0.064643,-0.146046,9.641450
1764071239454,0.011971,-0.100556,9.737218
1764071239462,-0.050278,-0.047884,9.763555
1764071239470,0.000000,-0.179565,9.619903
1764071239478,-0.122104,-0.251391,9.674969
1764071239486,0.074220,-0.141258,9.552865
1764071239494,0.043096,-0.146046,10.218452
1764071239502,-0.033519,-0.205901,9.713276
1764071239510,0.038307,-0.011971,9.380483
1764071239518,-0.129287,-0.153229,10.089166
1764071239526,-0.117316,-0.064643,9.583989
1764071239534,-0.282516,-0.153229,9.964667
1764071239542,-0.081403,-0.059855,9.770737
1764071239550,-0.088585,-0.095768,10.093954
1764071239558,-0.129287,-0.234632,9.964667
1764071239566,-0.093374,-0.112527,9.617508
1764071239574,-0.004788,0.038307,9.947908
1764071239582,-0.004788,-0.076614,9.832987
1764071239590,0.217872,-0.129287,9.502586
1764071239598,-0.035913,-0.055067,10.101137
1764071239606,-0.002394,-0.021548,9.773131
1764071239614,0.021548,-0.107739,9.768343
1764071239622,0.064643,-0.074220,9.883265
1764071239630,0.114922,-0.011971,9.931149
1764071239638,0.055067,-0.150835,10.263943
1764071239646,0.026336,-0.114922,9.567230
1764071239654,-0.040701,-0.105345,9.890448
1764071239662,-0.155623,-0.162806,9.945514
1764071239670,-0.098162,-0.083797,10.029311
1764071239678,-0.093374,-0.102951,10.022128
1764071239686,0.021548,-0.055067,9.847352
1764071239694,-0.004788,-0.102951,9.993398
1764071239702,0.098162,-0.002394,9.569624
1764071239710,0.098162,-0.040701,9.861717
1764071239718,0.057461,0.014365,10.220847
1764071239726,0.280122,0.160412,9.598354
1764071239734,0.071826,-0.081403,10.201694
1764071239742,0.189142,0.059855,9.490616
1764071239750,0.174777,-0.002394,9.995792
1764071239758,0.124498,0.014365,9.813833
1764071239766,0.114922,-0.007183,10.089166
1764071239774,0.229843,0.043096,9.835381
1764071239782,0.272939,0.043096,9.742006
1764071239790,0.124498,-0.011971,9.950302
1764071239798,0.234632,0.114922,9.591172
1764071239806,0.088585,0.004788,10.129868
1764071239814,0.251391,0.011971,9.888053
1764071239822,0.155623,-0.067038,9.969456
1764071239830,0.110133,-0.016759,9.909601
1764071239838,0.136469,-0.052672,9.710882
1764071239846,0.086191,-0.059855,10.005369
1764071239854,0.090980,0.035913,9.856929
1764071239862,-0.134075,-0.153229,10.014946
1764071239870,0.102951,-0.052672,9.598354
1764071239878,-0.047884,0.000000,9.840169
1764071239886,0.057461,-0.062249,9.806650
1764071239894,0.050278,-0.059855,9.785102
1764071239902,-0.227449,-0.177171,9.787497
1764071239910,-0.105345,-0.062249,9.694122
1764071239918,-0.076614,-0.023942,9.739613
1764071239926,-0.153229,-0.143652,9.706094
1764071239934,-0.023942,-0.014365,9.701305
1764071239942,0.067038,-0.031125,9.895236
1764071239950,0.141258,0.059855,9.811439
1764071239958,0.000000,-0.136469,9.935937
1764071239966,0.043096,0.007183,9.742006
1764071239974,-0.057461,-0.153229,9.818622
1764071239982,-0.009577,-0.095768,9.718064
1764071239990,-0.117316,-0.241814,9.957485
1764071239998,0.004788,-0.131681,9.519346
1764071240006,-0.045490,-0.136469,10.168175
1764071240014,0.105345,-0.095768,9.945514
1764071240022,-0.021548,-0.095768,9.658210
1764071240030,0.028730,0.038307,9.926360
1764071240038,-0.136469,0.023942,9.777920
1764071240046,0.031125,-0.011971,9.854534
1764071240054,-0.009577,-0.045490,9.710882
1764071240062,-0.093374,-0.095768,10.108319
1764071240070,0.002394,-0.100556,9.624691
1764071240078,-0.138864,-0.136469,9.813833
1764071240086,0.026336,-0.158017,9.689334
1764071240094,0.021548,-0.131681,10.050858
1764071240102,0.169988,-0.009577,9.765948
1764071240110,0.067038,0.016759,9.787497
1764071240118,0.196325,-0.076614,9.991004
1764071240126,-0.153229,-0.184354,9.485827
1764071240134,-0.110133,-0.081403,9.440337
1764071240142,-0.088585,0.035913,10.058042
1764071240150,-0.088585,-0.136469,9.648633
1764071240158,-0.229843,-0.289698,9.921572
1764071240166,-0.086191,-0.119710,10.168175
1764071240174,-0.189142,-0.220267,9.742006
1764071240182,-0.086191,-0.292093,9.598354
1764071240190,0.057461,0.000000,9.868899
1764071240198,-0.110133,-0.129287,10.084377
1764071240206,-0.124498,-0.129287,9.648633
1764071240214,-0.059855,-0.184354,9.758766
1764071240222,-0.026336,-0.131681,9.617508
1764071240230,0.028730,-0.138864,9.775525
1764071240238,0.090980,-0.251391,9.694122
1764071240246,0.009577,-0.181959,9.792285
1764071240254,0.057461,-0.086191,9.734824
1764071240262,-0.011971,-0.148441,9.569624
1764071240270,-0.043096,-0.031125,9.979033
1764071240278,-0.122104,-0.038307,9.971850
1764071240286,-0.040701,-0.076614,9.866506
1764071240294,0.019154,-0.057461,9.835381
1764071240302,0.110133,-0.093374,9.703699
1764071240310,-0.093374,-0.079009,9.854534
1764071240318,-0.011971,-0.067038,9.667787
1764071240326,0.088585,-0.138864,9.672575
1764071240334,0.093374,-0.016759,9.761160
1764071240342,-0.052672,0.057461,10.050858
1764071240350,0.038307,-0.083797,9.979033
1764071240358,0.090980,-0.019154,9.830592
1764071240366,0.000000,-0.004788,9.931149
1764071240374,-0.062249,-0.107739,9.945514
1764071240382,-0.086191,-0.033519,9.835381
1764071240390,-0.083797,-0.090980,10.086772
1764071240398,0.086191,-0.031125,9.883265
1764071240406,-0.110133,-0.134075,9.885659
1764071240414,-0.074220,-0.196325,9.725247
1764071240422,-0.086191,-0.093374,9.892841
1764071240430,0.136469,-0.028730,9.866506
1764071240438,0.031125,-0.026336,9.955091
1764071240446,-0.043096,-0.105345,9.931149
1764071240454,-0.014365,-0.086191,9.636662
1764071240462,-0.009577,0.007183,9.998186
1764071240470,-0.019154,-0.134075,9.993398
1764071240478,-0.074220,-0.069432,9.842564
1764071240486,-0.124498,-0.201113,10.156203
1764071240494,0.090980,0.038307,9.349358
1764071240502,-0.260968,-0.150835,10.137050
1764071240510,-0.260968,-0.141258,9.631873
1764071240518,-0.198719,-0.081403,9.615114
1764071240526,-0.308852,-0.155623,10.036493
1764071240534,-0.057461,-0.143652,9.720459
1764071240542,-0.165200,-0.064643,9.976639
1764071240550,-0.277727,-0.069432,10.218452
1764071240558,-0.047884,0.040701,9.933543
1764071240566,-0.079009,-0.112527,9.811439
1764071240574,-0.055067,-0.122104,9.868899
1764071240582,0.016759,-0.040701,9.950302
1764071240590,-0.026336,-0.105345,10.022128
1764071240598,-0.043096,-0.122104,9.852140
1764071240606,-0.112527,-0.165200,9.564836
1764071240614,-0.150835,-0.136469,9.837775
1764071240622,0.004788,-0.102951,9.861717
1764071240630,-0.057461,-0.225055,9.794679
1764071240638,0.023942,-0.074220,9.835381
1764071240646,0.045490,-0.009577,9.794679
1764071240654,0.083797,-0.083797,10.026917
1764071240662,0.071826,0.062249,10.110714
1764071240670,0.129287,0.004788,9.730036
1764071240678,0.098162,-0.095768,9.550470
1764071240686,0.023942,-0.043096,9.962274
1764071240694,-0.217872,-0.050278,10.273520
1764071240702,0.114922,-0.055067,9.543288
1764071240710,-0.114922,-0.213084,10.019734
1764071240718,0.102951,-0.019154,9.581595
1764071240726,0.043096,-0.129287,9.897630
1764071240734,0.304064,0.055067,9.878476
1764071240742,0.179565,0.102951,10.053253
1764071240750,0.325611,0.203507,9.715671
1764071240758,-0.112527,-0.119710,10.445902
1764071240766,0.169988,0.011971,9.404425
1764071240774,0.102951,-0.167594,10.091560
1764071240782,-0.019154,-0.241814,9.694122
1764071240790,0.062249,-0.351948,9.543288
1764071240798,-0.095768,-0.239420,9.763555
1764071240806,0.100556,-0.148441,9.787497
1764071240814,0.167594,-0.122104,9.658210
1764071240822,0.007183,-0.141258,9.914390
1764071240830,0.215478,-0.162806,9.921572
1764071240838,0.100556,-0.057461,9.947908
1764071240846,0.102951,-0.071826,9.914390
1764071240854,0.062249,-0.071826,9.734824
1764071240862,0.095768,-0.148441,9.509769
1764071240870,0.184354,0.011971,9.835381
1764071240878,0.083797,-0.035913,9.998186
1764071240886,0.126893,-0.038307,9.818622
1764071240894,-0.031125,-0.040701,10.055647
1764071240902,0.167594,0.011971,9.655815
1764071240910,-0.124498,-0.079009,10.271125
1764071240918,0.045490,-0.019154,9.900024
1764071240926,-0.119710,-0.098162,10.206482
1764071240934,0.081403,-0.105345,9.703699
1764071240942,-0.090980,-0.246603,9.311050
1764071240950,-0.371101,-0.095768,10.156203
1764071240958,-0.102951,-0.143652,9.849746
1764071240966,-0.047884,-0.198719,9.533711
1764071240974,-0.198719,-0.201113,9.818622
1764071240982,-0.033519,-0.251391,9.701305
1764071240990,0.105345,-0.167594,9.619903
1764071240998,-0.038307,-0.320823,9.627085
1764071241006,-0.079009,-0.105345,9.641450
1764071241014,-0.093374,-0.064643,10.438720
1764071241022,0.165200,-0.155623,9.502586
1764071241030,-0.174777,-0.155623,9.588778
1764071241038,0.074220,-0.213084,9.639056
1764071241046,-0.007183,-0.095768,10.014946
1764071241054,-0.126893,-0.177171,10.534488
1764071241062,0.184354,-0.136469,9.143456
1764071241070,-0.040701,-0.129287,9.986216
1764071241078,0.081403,0.000000,10.010158
1764071241086,0.043096,-0.016759,10.139444
1764071241094,0.141258,-0.102951,9.919178
1764071241102,-0.256180,-0.086191,10.031705
1764071241110,0.062249,-0.062249,9.615114
1764071241118,0.028730,-0.062249,10.038888
1764071241126,-0.090980,-0.067038,9.624691
1764071241134,0.055067,0.009577,9.902418
1764071241142,0.153229,0.031125,9.653421
1764071241150,-0.016759,0.026336,9.986216
1764071241158,0.021548,-0.088585,9.844957
1764071241166,0.031125,-0.150835,9.540894
1764071241174,-0.201113,-0.184354,10.055647
1764071241182,-0.160412,-0.189142,9.983821
1764071241190,-0.052672,-0.064643,9.751583
1764071241198,-0.208296,-0.016759,10.486604
1764071241206,-0.102951,-0.009577,9.859323
1764071241214,0.009577,0.019154,9.358934
1764071241222,-0.217872,0.000000,10.184934
1764071241230,0.011971,0.014365,9.825804
1764071241238,-0.222661,-0.023942,10.038888
1764071241246,-0.023942,-0.086191,9.964667
1764071241254,-0.136469,-0.150835,9.208099
1764071241262,-0.201113,-0.215478,10.295067
1764071241270,0.002394,-0.107739,9.088389
1764071241278,-0.153229,-0.124498,10.704475
1764071241286,-0.160412,-0.114922,9.756371
1764071241294,0.019154,-0.100556,10.043676
1764071241302,0.131681,-0.117316,10.175357
1764071241310,0.038307,-0.086191,9.454702
1764071241318,-0.088585,0.009577,10.273520
1764071241326,0.102951,0.004788,9.852140
1764071241334,-0.021548,0.000000,9.639056
1764071241342,-0.040701,-0.040701,10.156203
1764071241350,-0.064643,-0.136469,9.507375
1764071241358,-0.117316,-0.143652,9.957485
1764071241366,-0.035913,-0.287304,9.646238
1764071241374,0.019154,-0.138864,9.418790
1764071241382,0.000000,-0.112527,10.874464
1764071241390,-0.117316,-0.308852,8.870518
1764071241398,0.004788,-0.122104,9.698911
1764071241406,0.045490,-0.143652,10.472239
1764071241414,-0.179565,-0.090980,8.992621
1764071241422,-0.035913,0.021548,10.606314
1764071241430,-0.098162,-0.215478,9.217676
1764071241438,0.004788,0.083797,10.388441
1764071241446,0.186748,0.002394,10.376471
1764071241454,-0.294487,-0.213084,9.014170
1764071241462,-0.095768,0.090980,10.333375
1764071241470,-0.047884,-0.081403,9.519346
1764071241478,-0.083797,0.055067,10.046070
1764071241486,-0.177171,-0.217872,10.170568
1764071241494,-0.105345,-0.177171,8.765172
1764071241502,-0.193930,-0.028730,10.737994
1764071241510,-0.289698,-0.210690,9.768343
1764071241518,-0.186748,0.064643,10.031705
1764071241526,-0.265756,-0.031125,10.371682
1764071241534,-0.153229,-0.100556,9.502586
1764071241542,-0.301669,0.064643,9.667787
1764071241550,-0.313640,0.141258,9.993398
1764071241558,0.079009,0.019154,9.974244
1764071241566,-0.172383,-0.014365,9.402030
1764071241574,-0.134075,-0.043096,9.785102
1764071241582,-0.213084,0.083797,10.287885
1764071241590,-0.064643,0.093374,10.302250
1764071241598,-0.299275,-0.095768,9.325416
1764071241606,-0.124498,0.019154,9.643845
1764071241614,-0.268151,-0.019154,10.512939
1764071241622,0.098162,-0.141258,9.792285
1764071241630,-0.181959,-0.052672,9.701305
1764071241638,-0.253785,0.086191,9.871294
1764071241646,0.040701,0.098162,10.041282
1764071241654,-0.019154,-0.016759,9.847352
1764071241662,0.093374,-0.050278,9.490616
1764071241670,-0.167594,0.143652,10.134656
1764071241678,-0.045490,-0.009577,9.830592
1764071241686,0.057461,0.040701,9.945514
1764071241694,-0.117316,-0.050278,9.509769
1764071241702,-0.071826,0.153229,9.935937
1764071241710,-0.004788,-0.112527,10.108319
1764071241718,-0.296881,0.009577,9.531317
1764071241726,-0.186748,-0.033519,10.067618
1764071241734,-0.033519,-0.124498,9.655815
1764071241742,-0.002394,0.136469,10.170568
1764071241750,0.079009,-0.002394,10.034100
1764071241758,-0.107739,0.055067,9.543288
1764071241766,-0.150835,0.040701,9.998186
1764071241774,0.016759,0.009577,9.885659
1764071241782,-0.021548,0.031125,9.818622
1764071241790,-0.232238,-0.031125,9.919178
1764071241798,0.081403,0.021548,9.844957
1764071241806,-0.088585,-0.045490,9.988609
1764071241814,-0.119710,-0.045490,9.684546
1764071241822,0.076614,0.086191,9.856929
1764071241830,0.186748,-0.088585,9.842564
1764071241838,-0.126893,0.136469,9.392453
1764071241846,-0.105345,0.158017,10.366894
1764071241854,-0.038307,-0.031125,9.823410
1764071241862,-0.160412,0.095768,9.679757
1764071241870,-0.069432,-0.009577,9.964667
1764071241878,0.126893,-0.040701,10.026917
1764071241886,-0.069432,-0.079009,9.945514
1764071241894,-0.167594,0.033519,9.459491
1764071241902,-0.153229,0.026336,10.153810
1764071241910,0.069432,-0.081403,9.962274
1764071241918,0.011971,0.040701,9.775525
1764071241926,0.014365,0.107739,10.055647
1764071241934,-0.045490,0.031125,9.931149
1764071241942,0.102951,-0.031125,9.856929
1764071241950,-0.009577,-0.100556,9.785102
1764071241958,0.227449,-0.308852,9.555259
1764071241966,-0.031125,-0.090980,10.024523
1764071241974,0.107739,-0.050278,9.876082
1764071241982,-0.050278,-0.268151,9.852140
1764071241990,-0.026336,-0.119710,9.873688
1764071241998,0.093374,-0.090980,9.919178
1764071242006,0.117316,-0.162806,9.950302
1764071242014,-0.093374,-0.052672,9.739613
1764071242022,0.035913,-0.011971,9.792285
1764071242030,0.126893,-0.059855,9.909601
1764071242038,0.067038,-0.038307,9.756371
1764071242046,-0.062249,0.014365,9.799467
1764071242054,0.124498,-0.141258,9.835381
1764071242062,0.098162,-0.076614,9.768343
1764071242070,-0.059855,-0.035913,9.935937
1764071242078,-0.237026,-0.105345,9.830592
1764071242086,-0.205901,-0.177171,9.844957
1764071242094,0.090980,-0.246603,9.763555
1764071242102,-0.169988,-0.069432,9.895236
1764071242110,-0.203507,0.004788,9.823410
1764071242118,-0.040701,-0.189142,9.909601
1764071242126,-0.043096,-0.263362,9.737218
1764071242134,-0.081403,-0.031125,9.890448
1764071242142,0.129287,-0.050278,9.782708
1764071242150,0.107739,0.043096,9.830592
1764071242158,-0.035913,0.045490,10.050858
1764071242166,-0.071826,0.047884,9.806650
1764071242174,-0.205901,-0.074220,9.813833
1764071242182,-0.131681,0.002394,9.844957
1764071242190,-0.198719,-0.011971,9.818622
1764071242198,-0.114922,-0.126893,9.895236
1764071242206,-0.052672,-0.179565,9.825804
1764071242214,-0.079009,-0.095768,9.672575
1764071242222,-0.050278,-0.112527,9.921572
1764071242230,0.019154,-0.047884,9.732430
1764071242238,-0.169988,-0.100556,9.866506
1764071242246,0.131681,-0.002394,9.627085
1764071242254,-0.102951,0.055067,10.077195
1764071242262,-0.220267,0.213084,9.732430
1764071242270,-0.004788,-0.079009,9.888053
1764071242278,-0.110133,-0.004788,9.799467
1764071242286,-0.193930,-0.038307,9.940725
1764071242294,-0.071826,-0.110133,9.782708
1764071242302,-0.191536,-0.050278,9.926360
1764071242310,-0.313640,-0.107739,9.995792
1764071242318,-0.045490,-0.208296,9.725247
1764071242326,-0.074220,-0.035913,9.777920
1764071242334,-0.105345,-0.129287,10.165780
1764071242342,0.129287,-0.057461,9.691729
1764071242350,0.052672,-0.225055,9.730036
1764071242358,0.040701,-0.169988,9.945514
1764071242366,-0.208296,0.043096,9.780313
1764071242374,-0.069432,-0.155623,9.761160
1764071242382,-0.079009,-0.086191,9.555259
1764071242390,-0.141258,-0.009577,9.844957
1764071242398,0.062249,-0.227449,9.864111
1764071242406,-0.155623,-0.057461,9.557653
1764071242414,-0.081403,-0.026336,9.909601
1764071242422,0.028730,-0.095768,9.935937
1764071242430,-0.136469,-0.083797,9.911995
1764071242438,-0.028730,-0.167594,9.682152
1764071242446,-0.148441,0.019154,9.885659
1764071242454,-0.251391,-0.021548,10.072407
1764071242462,-0.158017,0.000000,9.641450
1764071242470,-0.148441,-0.009577,9.969456
1764071242478,0.004788,0.000000,10.053253
1764071242486,0.067038,-0.023942,9.842564
1764071242494,-0.136469,-0.093374,9.835381
1764071242502,-0.122104,-0.069432,9.722853
1764071242510,-0.129287,-0.067038,9.883265
1764071242518,-0.203507,-0.181959,10.070012
1764071242526,-0.033519,-0.158017,9.706094
1764071242534,-0.136469,-0.210690,10.034100
1764071242542,-0.134075,-0.112527,9.909601
1764071242550,-0.385466,-0.129287,9.935937
1764071242558,-0.081403,-0.098162,9.730036
1764071242566,-0.342371,-0.014365,9.773131
1764071242574,-0.150835,-0.050278,9.722853
1764071242582,-0.076614,0.047884,9.763555
1764071242590,-0.234632,-0.009577,9.916783
1764071242598,-0.040701,0.009577,9.727641
1764071242606,-0.275333,-0.021548,9.809045
1764071242614,0.021548,-0.062249,9.938332
1764071242622,-0.237026,0.038307,10.067618
1764071242630,-0.177171,0.122104,9.868899
1764071242638,-0.375890,-0.055067,9.902418
1764071242646,-0.169988,0.158017,9.821015
1764071242654,-0.074220,0.028730,9.689334
1764071242662,-0.217872,0.000000,9.921572
1764071242670,0.143652,0.028730,9.813833
1764071242678,-0.100556,0.114922,9.775525
1764071242686,-0.131681,-0.026336,10.050858
1764071242694,0.126893,0.081403,9.581595
1764071242702,-0.141258,0.057461,9.880871
1764071242710,0.205901,0.035913,9.761160
1764071242718,-0.023942,0.129287,9.804255
1764071242726,0.055067,0.026336,9.703699
1764071242734,-0.079009,0.220267,9.849746
1764071242742,-0.016759,0.208296,10.048465
1764071242750,-0.241814,0.090980,9.835381
1764071242758,-0.045490,-0.057461,9.516952
1764071242766,-0.186748,0.102951,9.737218
1764071242774,-0.134075,0.134075,9.962274
1764071242782,-0.119710,0.208296,9.806650
1764071242790,-0.174777,0.114922,10.038888
1764071242798,-0.002394,0.095768,9.787497
1764071242806,-0.064643,0.227449,9.840169
1764071242814,0.064643,0.265756,10.067618
1764071242822,-0.064643,0.146046,9.777920
1764071242830,-0.158017,0.237026,9.971850
1764071242838,-0.057461,0.241814,10.036493
1764071242846,-0.131681,0.059855,10.093954
1764071242854,-0.196325,0.153229,9.524135
1764071242862,-0.301669,0.107739,10.002975
1764071242870,-0.045490,0.244209,9.861717
1764071242878,-0.165200,-0.169988,9.734824
1764071242886,-0.155623,0.167594,9.816227
1764071242894,-0.155623,0.000000,10.081984
1764071242902,-0.028730,0.237026,9.598354
1764071242910,-0.124498,-0.035913,9.919178
1764071242918,-0.038307,0.059855,9.900024
1764071242926,-0.004788,0.141258,9.868899
1764071242934,0.079009,0.138864,9.753978
1764071242942,-0.026336,0.031125,9.828198
1764071242950,-0.239420,0.143652,9.933543
1764071242958,-0.011971,-0.004788,9.909601
1764071242966,-0.095768,0.019154,9.844957
1764071242974,-0.136469,0.002394,9.955091
1764071242982,-0.167594,0.031125,9.758766
1764071242990,-0.122104,0.019154,9.773131
1764071242998,-0.009577,-0.112527,10.096349
1764071243006,0.011971,-0.177171,9.718064
1764071243014,0.028730,-0.239420,9.847352
1764071243022,-0.220267,-0.098162,9.655815
1764071243030,-0.241814,-0.174777,9.986216
1764071243038,-0.203507,-0.181959,9.847352
1764071243046,-0.239420,-0.102951,9.504981
1764071243054,-0.107739,-0.203507,10.290278
1764071243062,-0.016759,-0.131681,9.756371
1764071243070,-0.155623,-0.057461,9.648633
1764071243078,-0.098162,-0.160412,9.921572
1764071243086,-0.134075,0.000000,9.952697
1764071243094,-0.107739,-0.088585,9.962274
1764071243102,0.079009,0.074220,9.782708
1764071243110,-0.241814,-0.040701,10.390836
1764071243118,-0.263362,-0.026336,9.897630
1764071243126,-0.203507,-0.062249,9.720459
1764071243134,-0.019154,-0.162806,9.991004
1764071243142,-0.323217,-0.196325,10.206482
1764071243150,-0.402226,-0.201113,9.703699
1764071243158,-0.268151,-0.102951,9.557653
1764071243166,-0.280122,-0.172383,10.050858
1764071243174,-0.325611,-0.028730,9.909601
1764071243182,-0.359130,-0.011971,9.885659
1764071243190,-0.045490,-0.093374,9.813833
1764071243198,-0.153229,0.045490,9.809045
1764071243206,-0.227449,-0.026336,9.540894
1764071243214,-0.213084,-0.088585,9.967062
1764071243222,-0.244209,-0.033519,10.053253
1764071243230,-0.308852,-0.038307,9.744401
1764071243238,-0.299275,-0.158017,9.904813
1764071243246,-0.368707,-0.081403,9.828198
1764071243254,-0.246603,-0.146046,9.564836
1764071243262,-0.220267,-0.090980,9.746795
1764071243270,-0.067038,-0.107739,10.196905
1764071243278,-0.174777,0.014365,9.718064
1764071243286,-0.196325,-0.002394,9.777920
1764071243294,-0.019154,-0.021548,9.753978
1764071243302,-0.007183,-0.069432,9.809045
1764071243310,-0.196325,0.071826,10.268731
1764071243318,-0.074220,-0.009577,10.213664
1764071243326,-0.150835,0.055067,9.543288
1764071243334,-0.098162,0.146046,9.844957
1764071243342,-0.069432,0.071826,10.120291
1764071243350,-0.134075,0.069432,9.852140
1764071243358,-0.021548,0.134075,9.619903
1764071243366,0.076614,0.083797,9.801862
1764071243374,0.057461,0.189142,9.773131
1764071243382,0.102951,0.122104,10.139444
1764071243390,0.043096,0.007183,9.730036
1764071243398,-0.014365,0.134075,9.471462
1764071243406,-0.067038,0.100556,9.923966
1764071243414,-0.100556,-0.059855,9.828198
1764071243422,-0.105345,0.050278,9.916783
1764071243430,-0.088585,-0.059855,10.177752
1764071243437,-0.100556,-0.047884,9.457097
1764071243445,-0.301669,0.119710,9.895236
1764071243453,0.088585,0.009577,10.019734
1764071243461,0.217872,-0.117316,10.060435
1764071243469,0.059855,0.028730,9.478644
1764071243477,-0.043096,0.071826,9.488221
1764071243485,0.102951,0.067038,10.149021
1764071243493,0.069432,0.114922,9.821015
1764071243501,-0.035913,0.129287,9.787497
1764071243509,-0.038307,-0.055067,10.091560
1764071243517,0.026336,-0.007183,9.926360
1764071243525,0.028730,0.057461,9.512163
1764071243533,0.007183,-0.064643,10.077195
1764071243541,0.057461,-0.002394,9.828198
1764071243549,-0.095768,-0.148441,9.933543
1764071243557,0.067038,-0.002394,9.497798
1764071243565,0.031125,-0.028730,9.667787
1764071243573,0.095768,-0.019154,10.091560
1764071243581,0.014365,0.095768,9.916783
1764071243589,-0.004788,-0.117316,9.773131
1764071243597,-0.129287,0.083797,9.390059
1764071243605,-0.354342,-0.102951,9.643845
1764071243613,-0.117316,-0.148441,9.746795
1764071243621,-0.141258,-0.038307,10.105926
1764071243629,-0.172383,-0.095768,10.077195
1764071243637,-0.124498,-0.083797,9.847352
1764071243645,-0.031125,-0.107739,9.603143
1764071243653,-0.045490,0.019154,10.153810
1764071243661,-0.023942,0.045490,10.158598
1764071243669,-0.081403,-0.143652,9.986216
1764071243677,-0.009577,-0.076614,9.761160
1764071243685,-0.002394,-0.071826,9.679757
1764071243693,-0.234632,0.098162,9.734824
1764071243701,0.196325,-0.031125,10.098742
1764071243709,-0.002394,-0.088585,9.725247
1764071243717,-0.105345,0.000000,10.024523
1764071243725,-0.057461,-0.023942,9.677363
1764071243733,-0.074220,-0.098162,9.725247
1764071243741,0.009577,-0.016759,9.782708
1764071243749,-0.174777,0.076614,9.952697
1764071243757,-0.100556,-0.057461,10.160992
1764071243765,-0.050278,0.031125,9.945514
1764071243773,-0.011971,-0.045490,9.854534
1764071243781,-0.021548,0.033519,9.648633
1764071243789,-0.088585,0.011971,9.737218
1764071243797,0.069432,0.055067,9.923966
1764071243805,-0.047884,0.016759,10.072407
1764071243813,-0.038307,0.016759,9.627085
1764071243821,-0.023942,-0.136469,10.074800
1764071243829,-0.174777,-0.007183,10.000581
1764071243837,-0.227449,-0.021548,9.878476
1764071243845,-0.136469,-0.009577,9.440337
1764071243853,-0.023942,-0.165200,10.292673
1764071243861,-0.248997,-0.098162,9.847352
1764071243869,0.112527,-0.112527,9.753978
1764071243877,-0.268151,0.004788,9.919178
1764071243885,-0.033519,-0.069432,10.160992
1764071243893,0.011971,-0.069432,9.732430
1764071243901,-0.167594,0.002394,9.734824
1764071243909,0.158017,-0.126893,10.005369
1764071243917,0.019154,0.074220,9.780313
1764071243925,0.086191,-0.040701,9.591172
1764071243933,-0.045490,0.004788,9.823410
1764071243941,-0.093374,0.057461,9.835381
1764071243949,-0.040701,0.090980,9.837775
1764071243957,0.090980,-0.045490,10.122684
1764071243965,-0.004788,0.062249,10.105926
1764071243973,-0.050278,-0.079009,10.050858
1764071243981,-0.076614,-0.028730,9.811439
1764071243989,-0.167594,0.004788,9.777920
1764071243997,0.021548,-0.026336,9.844957
1764071244005,0.124498,-0.033519,9.780313
1764071244013,0.232238,-0.057461,9.907207
1764071244021,-0.007183,0.100556,9.825804
1764071244029,-0.045490,0.074220,9.603143
1764071244037,-0.086191,0.110133,9.610326
1764071244045,-0.129287,0.067038,10.010158
1764071244053,0.016759,0.189142,9.926360
1764071244061,0.107739,0.019154,9.931149
1764071244069,-0.055067,0.040701,9.914390
1764071244077,0.028730,0.057461,9.947908
1764071244085,-0.050278,0.203507,9.734824
1764071244093,-0.011971,0.023942,10.010158
1764071244101,0.098162,0.000000,9.943120
1764071244109,0.090980,-0.019154,9.957485
1764071244117,-0.129287,0.102951,9.981427
1764071244125,-0.241814,0.088585,9.682152
1764071244133,0.016759,-0.095768,10.046070
1764071244141,0.155623,0.045490,9.696517
1764071244149,-0.189142,0.033519,9.507375
1764071244157,0.016759,-0.122104,10.034100
1764071244165,0.079009,0.045490,9.540894
1764071244173,-0.026336,0.019154,9.955091
1764071244181,0.002394,0.110133,9.758766
1764071244189,-0.205901,0.189142,9.734824
1764071244197,0.071826,0.002394,9.859323
1764071244205,-0.047884,0.038307,10.196905
1764071244213,0.110133,-0.067038,9.969456
1764071244221,-0.069432,-0.081403,9.622296
1764071244229,-0.246603,0.062249,9.667787
1764071244237,-0.107739,0.150835,10.002975
1764071244245,0.107739,-0.055067,10.431537
1764071244253,0.033519,-0.055067,9.799467
1764071244261,0.141258,-0.047884,9.943120
1764071244269,-0.100556,-0.069432,10.031705
1764071244277,0.016759,-0.074220,9.797073
1764071244285,-0.088585,-0.040701,9.952697
1764071244293,-0.098162,-0.050278,9.809045
1764071244301,-0.174777,0.031125,9.706094
1764071244309,0.052672,-0.064643,10.072407
1764071244317,-0.079009,-0.031125,9.880871
1764071244325,-0.067038,0.110133,10.070012
1764071244333,-0.112527,-0.129287,10.005369
1764071244341,-0.038307,0.021548,9.476251
1764071244349,-0.354342,0.043096,9.900024
1764071244357,-0.093374,0.004788,9.653421
1764071244365,-0.052672,0.122104,9.974244
1764071244373,-0.217872,0.131681,9.988609
1764071244381,-0.172383,0.090980,9.751583
1764071244389,0.110133,0.002394,9.641450
1764071244397,0.035913,-0.067038,10.072407
1764071244405,0.117316,0.035913,9.854534
1764071244413,0.272939,-0.055067,9.627085
1764071244421,0.131681,-0.050278,9.928755
1764071244429,0.102951,0.088585,9.782708
1764071244437,0.074220,0.047884,9.854534
1764071244445,0.134075,0.153229,9.610326
1764071244453,0.248997,0.045490,9.773131
1764071244461,0.105345,0.011971,10.086772
1764071244469,-0.007183,0.131681,9.727641
1764071244477,0.016759,0.016759,9.828198
1764071244485,0.050278,0.105345,10.014946
1764071244493,0.079009,0.138864,9.730036
1764071244501,0.153229,0.100556,9.938332
1764071244509,-0.150835,0.385466,9.636662
1764071244517,0.227449,0.098162,10.022128
1764071244525,0.076614,0.229843,9.746795
1764071244533,0.043096,0.110133,9.933543
1764071244541,0.081403,0.203507,9.895236
1764071244549,0.014365,0.251391,9.648633
1764071244557,0.098162,0.055067,10.089166
1764071244565,0.148441,0.019154,9.651027
1764071244573,-0.138864,0.086191,9.780313
1764071244581,-0.186748,0.193930,9.828198
1764071244589,-0.177171,0.138864,9.813833
1764071244597,-0.263362,-0.014365,9.871294
1764071244605,-0.191536,0.016759,9.876082
1764071244613,-0.181959,-0.002394,9.639056
1764071244621,0.105345,-0.114922,9.813833
1764071244629,-0.050278,0.074220,9.828198
1764071244637,0.222661,-0.150835,10.077195
1764071244645,0.098162,-0.011971,9.837775
1764071244653,0.098162,0.064643,9.686940
1764071244661,0.299275,0.100556,9.746795
1764071244669,0.320823,-0.059855,10.266336
1764071244677,0.383072,0.035913,9.710882
1764071244685,0.241814,-0.007183,9.816227
1764071244693,0.387861,0.035913,9.959879
1764071244701,0.102951,0.043096,9.914390
1764071244709,0.086191,0.086191,9.696517
1764071244717,0.126893,-0.011971,9.928755
1764071244725,0.210690,-0.023942,9.876082
1764071244733,-0.016759,0.136469,9.844957
1764071244741,0.177171,0.038307,9.935937
1764071244749,0.002394,0.215478,9.490616
1764071244757,0.430956,0.090980,9.773131
1764071244765,0.227449,0.150835,9.904813
1764071244773,0.198719,0.332794,9.777920
1764071244781,0.330400,0.287304,9.686940
1764071244789,0.318429,0.301669,9.911995
1764071244797,0.160412,0.294487,9.713276
1764071244805,0.306458,0.093374,10.055647
1764071244813,0.169988,0.000000,9.943120
1764071244821,-0.040701,0.050278,9.923966
1764071244829,0.047884,-0.081403,9.818622
1764071244837,-0.172383,-0.062249,9.746795
1764071244845,-0.090980,-0.057461,10.012551
1764071244853,-0.112527,0.043096,9.943120
1764071244861,-0.189142,0.019154,9.995792
1764071244869,-0.009577,-0.050278,9.852140
1764071244877,-0.248997,0.138864,9.651027
1764071244885,-0.038307,0.026336,9.907207
1764071244893,-0.265756,0.148441,9.981427
1764071244901,0.079009,-0.011971,9.852140
1764071244909,-0.138864,-0.028730,9.988609
1764071244917,-0.105345,0.009577,9.746795
1764071244925,-0.323217,0.191536,9.682152
1764071244933,-0.062249,-0.002394,9.830592
1764071244941,-0.100556,0.169988,9.801862
1764071244949,-0.263362,0.301669,9.708488
1764071244957,-0.038307,0.325611,9.878476
1764071244965,0.086191,0.093374,9.679757
1764071244973,0.064643,0.280122,9.828198
1764071244981,0.050278,0.435745,9.888053
1764071244989,0.308852,0.067038,10.350134
1764071244997,0.138864,0.141258,9.624691
1764071245005,0.114922,0.100556,9.952697
1764071245013,0.021548,0.215478,9.653421
1764071245021,0.122104,0.134075,9.991004
1764071245029,0.119710,-0.050278,9.854534
1764071245037,-0.134075,0.069432,9.682152
1764071245045,-0.098162,0.004788,10.029311
1764071245053,-0.100556,-0.205901,10.129868
1764071245061,-0.023942,-0.129287,9.545682
1764071245069,-0.129287,-0.167594,9.935937
1764071245077,-0.064643,0.002394,9.952697
1764071245085,-0.098162,-0.052672,9.818622
1764071245093,-0.081403,0.074220,9.660604
1764071245101,0.110133,-0.143652,9.943120
1764071245109,0.153229,0.081403,9.751583
1764071245117,0.124498,-0.026336,10.034100
1764071245125,0.148441,0.193930,9.892841
1764071245133,0.014365,0.347159,9.631873
1764071245141,0.237026,0.074220,9.854534
1764071245149,0.284910,0.031125,10.050858
1764071245157,0.107739,0.117316,9.895236
1764071245165,-0.047884,0.232238,9.648633
1764071245173,0.038307,0.011971,10.034100
1764071245181,-0.031125,-0.004788,9.801862
1764071245189,0.117316,-0.220267,9.619903
1764071245197,0.014365,-0.215478,10.014946
1764071245205,0.040701,-0.155623,9.861717
1764071245213,-0.069432,-0.033519,9.710882
1764071245221,-0.148441,0.181959,9.938332
1764071245229,0.107739,-0.098162,9.847352
1764071245237,0.112527,0.019154,10.031705
1764071245245,-0.026336,0.043096,10.084377
1764071245253,0.148441,-0.067038,9.809045
1764071245261,0.124498,-0.081403,9.749189
1764071245269,0.160412,-0.093374,9.749189
1764071245277,0.227449,-0.153229,10.048465
1764071245285,0.083797,0.038307,10.002975
1764071245293,-0.016759,0.150835,9.648633
1764071245301,-0.064643,0.141258,9.797073
1764071245309,0.220267,-0.177171,10.019734
1764071245317,0.064643,-0.067038,9.730036
1764071245325,-0.014365,-0.162806,9.935937
1764071245333,0.047884,0.026336,9.935937
1764071245341,-0.016759,-0.074220,9.751583
1764071245349,-0.050278,-0.031125,9.619903
1764071245357,0.131681,-0.217872,10.093954
1764071245365,0.033519,-0.124498,9.780313
1764071245373,0.177171,-0.131681,9.672575
1764071245381,0.165200,-0.081403,9.940725
1764071245389,0.184354,-0.067038,9.940725
1764071245397,0.026336,-0.033519,9.684546
1764071245405,0.100556,0.083797,9.885659
1764071245413,0.055067,0.213084,9.842564
1764071245421,0.196325,-0.050278,10.022128
1764071245429,0.150835,-0.021548,9.892841
1764071245437,-0.016759,-0.059855,9.603143
1764071245445,-0.055067,-0.126893,9.780313
1764071245453,0.002394,-0.162806,9.976639
1764071245461,0.007183,-0.136469,9.730036
1764071245469,-0.009577,-0.114922,9.892841
1764071245477,0.023942,-0.002394,9.713276
1764071245486,0.081403,-0.107739,9.756371
1764071245494,0.184354,-0.270545,9.897630
1764071245502,0.088585,-0.045490,9.885659
1764071245510,0.016759,-0.074220,9.794679
1764071245518,0.057461,0.031125,9.684546
1764071245526,-0.004788,-0.201113,9.967062
1764071245534,-0.052672,0.026336,9.904813
1764071245542,0.062249,-0.009577,9.672575
1764071245550,0.047884,-0.069432,9.756371
1764071245558,-0.090980,0.038307,9.919178
1764071245566,-0.004788,-0.076614,9.737218
1764071245574,-0.062249,-0.114922,9.825804
1764071245582,-0.019154,-0.009577,9.904813
1764071245590,0.028730,0.047884,10.134656
1764071245598,0.086191,0.129287,9.667787
1764071245606,0.055067,0.088585,9.818622
1764071245614,0.023942,-0.045490,9.991004
1764071245622,-0.021548,0.083797,9.703699
1764071245630,-0.100556,-0.102951,9.804255
1764071245638,-0.033519,-0.079009,9.844957
1764071245646,-0.110133,-0.086191,9.856929
1764071245654,0.004788,-0.122104,9.916783
1764071245662,-0.129287,-0.086191,9.849746
1764071245670,-0.148441,0.083797,9.928755
1764071245678,-0.069432,0.181959,9.844957
1764071245686,0.047884,-0.098162,9.914390
1764071245694,0.011971,0.035913,9.823410
1764071245702,-0.055067,0.021548,9.923966
1764071245710,0.035913,-0.062249,9.686940
1764071245718,-0.023942,-0.184354,9.926360
1764071245726,-0.047884,-0.014365,9.749189
1764071245734,-0.148441,-0.009577,9.631873
1764071245742,-0.052672,-0.210690,9.885659
1764071245750,0.114922,-0.162806,10.031705
1764071245758,-0.076614,-0.014365,9.746795
1764071245766,-0.093374,-0.026336,9.765948
1764071245774,-0.033519,-0.002394,9.890448
1764071245782,0.086191,-0.088585,9.746795
1764071245790,0.119710,-0.162806,10.007763
1764071245798,0.047884,0.026336,9.880871
1764071245806,0.023942,-0.011971,9.696517
1764071245814,-0.011971,0.114922,9.854534
1764071245822,0.100556,-0.028730,9.878476
1764071245830,0.143652,-0.026336,9.627085
1764071245838,0.047884,-0.019154,9.768343
1764071245846,-0.256180,0.167594,9.895236
1764071245854,-0.124498,-0.014365,9.991004
1764071245862,-0.088585,-0.122104,9.852140
1764071245870,-0.225055,-0.035913,9.974244
1764071245878,-0.090980,0.000000,9.940725
1764071245886,-0.196325,-0.086191,9.849746
1764071245894,-0.258574,0.007183,9.777920
1764071245902,-0.174777,-0.047884,9.897630
1764071245910,-0.215478,0.191536,9.914390
1764071245918,-0.232238,0.126893,9.842564
1764071245926,-0.081403,0.110133,9.682152
1764071245934,-0.169988,0.083797,10.113108
1764071245942,-0.074220,0.136469,9.653421
1764071245950,-0.102951,-0.052672,9.785102
1764071245958,0.021548,-0.114922,9.911995
1764071245966,-0.076614,0.007183,9.768343
1764071245974,-0.110133,-0.062249,9.945514
1764071245982,-0.205901,0.086191,9.830592
1764071245990,-0.167594,-0.155623,9.706094
1764071245998,-0.136469,-0.208296,9.799467
1764071246006,-0.260968,-0.213084,9.775525
1764071246014,-0.260968,-0.296881,9.955091
1764071246022,-0.210690,-0.440533,9.969456
1764071246030,-0.270545,-0.371101,9.911995
1764071246038,-0.256180,-0.299275,9.742006
1764071246046,-0.186748,-0.134075,9.686940
1764071246054,-0.124498,-0.158017,9.986216
1764071246062,-0.040701,0.098162,9.605537
1764071246070,0.014365,-0.019154,10.201694
1764071246078,0.117316,0.059855,9.818622
1764071246086,0.246603,-0.131681,9.864111
1764071246094,0.062249,-0.040701,9.782708
1764071246102,-0.095768,0.102951,9.902418
1764071246110,-0.023942,-0.102951,9.897630
1764071246118,0.098162,-0.375890,9.785102
1764071246126,-0.112527,-0.201113,9.864111
1764071246134,-0.057461,-0.198719,9.955091
1764071246142,-0.119710,-0.074220,9.751583
1764071246150,-0.143652,-0.320823,10.017340
1764071246158,-0.325611,-0.064643,9.586384
1764071246166,-0.086191,-0.076614,9.811439
1764071246174,0.095768,-0.177171,10.002975
1764071246182,0.033519,-0.014365,9.777920
1764071246190,0.258574,-0.198719,9.770737
1764071246198,0.203507,-0.332794,9.703699
1764071246206,0.229843,-0.014365,9.715671
1764071246214,-0.047884,-0.021548,10.172963
1764071246222,0.227449,-0.213084,10.091560
1764071246230,-0.002394,-0.260968,9.840169
1764071246238,-0.119710,-0.081403,10.014946
1764071246246,-0.153229,-0.074220,9.588778
1764071246254,0.002394,-0.306458,9.854534
1764071246262,-0.196325,-0.086191,9.749189
1764071246270,-0.179565,-0.081403,9.897630
1764071246278,-0.114922,-0.057461,10.002975
1764071246286,-0.124498,-0.134075,9.991004
1764071246294,-0.155623,0.009577,9.648633
1764071246302,0.196325,-0.110133,9.964667
1764071246310,0.033519,-0.093374,9.880871
1764071246318,0.129287,-0.033519,10.014946
1764071246326,-0.045490,0.079009,9.775525
1764071246334,-0.009577,-0.035913,9.849746
1764071246342,-0.062249,-0.081403,9.828198
1764071246350,0.011971,-0.093374,9.713276
1764071246358,-0.143652,-0.191536,10.014946
1764071246366,-0.134075,0.000000,9.830592
1764071246374,-0.086191,-0.119710,9.804255
1764071246382,-0.067038,0.045490,9.720459
1764071246390,0.031125,-0.122104,9.785102
1764071246398,0.035913,0.062249,9.603143
1764071246406,0.026336,0.033519,9.935937
1764071246414,-0.047884,0.093374,9.674969
1764071246422,0.098162,-0.100556,9.955091
1764071246430,-0.134075,0.028730,9.830592
1764071246438,-0.148441,-0.021548,9.763555
1764071246446,-0.160412,-0.033519,9.799467
1764071246454,-0.371101,0.004788,10.038888
1764071246462,-0.222661,0.023942,9.837775
1764071246470,-0.193930,-0.028730,9.931149
1764071246478,0.090980,-0.153229,9.777920
1764071246486,0.081403,-0.258574,9.756371
1764071246494,-0.023942,-0.093374,9.957485
1764071246502,-0.064643,-0.023942,9.495404
1764071246510,-0.172383,-0.062249,9.421184
1764071246518,-0.052672,-0.047884,10.180145
1764071246526,-0.292093,-0.090980,9.574412
1764071246534,0.028730,-0.090980,9.600749
1764071246542,-0.217872,-0.210690,9.847352
1764071246550,-0.203507,-0.043096,9.758766
1764071246558,0.043096,-0.316035,10.050858
1764071246566,-0.624887,0.093374,9.452309
1764071246574,-0.007183,-0.241814,9.744401
1764071246582,0.174777,-0.282516,10.371682
1764071246590,-0.339977,-0.069432,9.947908
1764071246598,-0.328006,-0.095768,9.562442
1764071246606,0.134075,-0.318429,9.957485
1764071246614,-0.050278,-0.265756,9.952697
1764071246622,0.007183,-0.308852,9.806650
1764071246630,-0.081403,-0.246603,9.746795
1764071246638,-0.009577,-0.287304,10.034100
1764071246646,0.023942,-0.349553,9.866506
1764071246654,-0.105345,-0.330400,9.792285
1764071246662,-0.169988,-0.148441,9.988609
1764071246670,-0.361524,-0.098162,9.662998
1764071246678,-0.138864,-0.229843,9.938332
1764071246686,-0.124498,-0.112527,9.916783
1764071246694,-0.138864,-0.143652,9.890448
1764071246702,-0.031125,-0.172383,9.746795
1764071246710,-0.189142,-0.023942,9.742006
1764071246718,0.026336,-0.246603,9.945514
1764071246726,-0.074220,-0.122104,9.770737
1764071246734,-0.136469,-0.172383,9.885659
1764071246742,-0.117316,-0.155623,9.866506
1764071246750,-0.181959,-0.229843,9.947908
1764071246758,-0.325611,-0.186748,9.914390
1764071246766,-0.141258,-0.169988,9.828198
1764071246774,-0.155623,-0.129287,9.672575
1764071246782,-0.021548,-0.134075,10.292673
1764071246790,-0.064643,-0.153229,10.029311
1764071246798,-0.079009,0.043096,9.454702
1764071246806,-0.057461,-0.208296,10.165780
1764071246814,-0.062249,-0.035913,9.792285
1764071246822,-0.026336,-0.023942,9.679757
1764071246830,0.225055,-0.110133,10.151415
1764071246838,0.009577,-0.122104,9.935937
1764071246846,-0.248997,0.110133,9.454702
1764071246854,0.040701,-0.110133,9.876082
1764071246862,-0.007183,-0.093374,9.854534
1764071246870,-0.067038,-0.107739,9.600749
1764071246878,-0.026336,-0.088585,9.880871
1764071246886,-0.021548,-0.083797,9.923966
1764071246894,0.062249,-0.138864,9.928755
1764071246902,0.007183,-0.155623,9.715671
1764071246910,0.059855,-0.162806,9.945514
1764071246918,0.124498,-0.059855,9.837775
1764071246926,0.081403,-0.107739,9.986216
1764071246934,0.155623,-0.177171,9.777920
1764071246942,0.074220,-0.095768,9.674969
1764071246950,0.069432,-0.088585,10.072407
1764071246958,-0.043096,0.019154,9.813833
1764071246966,0.093374,-0.095768,9.746795
1764071246974,-0.038307,-0.186748,9.694122
1764071246982,-0.081403,-0.119710,10.048465
1764071246990,0.105345,-0.179565,10.053253
1764071246998,0.090980,-0.177171,9.507375
1764071247006,0.083797,-0.162806,9.634268
1764071247014,-0.057461,-0.227449,9.768343
1764071247022,-0.074220,-0.155623,9.835381
1764071247030,0.011971,-0.184354,10.031705
1764071247038,0.052672,-0.019154,9.507375
1764071247046,-0.019154,-0.181959,10.062830
1764071247054,0.263362,-0.172383,9.737218
1764071247062,-0.088585,-0.162806,9.622296
1764071247070,0.146046,-0.196325,9.880871
1764071247078,0.148441,-0.105345,9.976639
1764071247086,-0.045490,-0.277727,9.562442
1764071247094,-0.203507,-0.201113,9.545682
1764071247102,0.162806,-0.399832,10.086772
1764071247110,-0.045490,-0.215478,9.579201
1764071247118,-0.093374,-0.220267,10.299856
1764071247126,-0.359130,0.014365,10.163386
1764071247134,-0.402226,-0.079009,9.390059
1764071247142,-0.117316,-0.146046,9.639056
1764071247150,-0.105345,-0.208296,10.153810
1764071247158,0.067038,0.055067,9.959879
1764071247166,-0.002394,-0.150835,9.861717
1764071247174,-0.165200,-0.146046,9.576807
1764071247182,-0.160412,0.002394,9.550470
1764071247190,0.203507,-0.306458,10.168175
1764071247198,0.237026,-0.215478,9.871294
1764071247206,-0.301669,-0.138864,9.900024
1764071247214,-0.332794,-0.055067,9.579201
1764071247222,-0.167594,-0.138864,9.914390
1764071247230,-0.057461,-0.196325,9.751583
1764071247238,-0.045490,-0.222661,9.852140
1764071247246,-0.189142,-0.134075,9.785102
1764071247254,-0.007183,-0.134075,9.746795
1764071247262,0.033519,-0.076614,9.900024
1764071247270,-0.062249,-0.294487,9.789890
1764071247278,-0.117316,-0.222661,10.019734
1764071247286,0.031125,-0.277727,9.782708
1764071247294,0.069432,-0.165200,9.787497
1764071247302,-0.112527,-0.186748,10.048465
1764071247310,-0.090980,-0.110133,9.823410
1764071247318,-0.162806,-0.150835,9.835381
1764071247326,0.033519,-0.167594,9.885659
1764071247334,-0.007183,-0.186748,10.053253
1764071247342,-0.148441,-0.028730,10.026917
1764071247350,0.083797,-0.126893,9.696517
1764071247358,-0.220267,-0.107739,9.813833
1764071247366,-0.134075,-0.098162,9.770737
1764071247374,-0.107739,-0.129287,9.718064
1764071247382,-0.057461,-0.043096,9.672575
1764071247390,-0.155623,-0.045490,10.050858
1764071247398,0.105345,-0.162806,10.017340
1764071247406,0.004788,-0.174777,9.777920
1764071247414,-0.004788,-0.071826,9.995792
1764071247422,0.000000,-0.124498,9.983821
1764071247430,0.074220,-0.169988,10.074800
1764071247438,-0.045490,-0.136469,9.883265
1764071247446,0.162806,-0.146046,9.710882
1764071247454,-0.158017,-0.102951,9.768343
1764071247462,0.177171,-0.186748,10.177752
1764071247470,0.129287,-0.138864,9.742006
1764071247478,0.251391,-0.225055,10.041282
1764071247486,0.143652,-0.088585,9.921572
1764071247494,0.093374,0.007183,9.574412
1764071247502,0.172383,-0.059855,9.679757
1764071247510,0.251391,0.002394,9.835381
1764071247518,-0.007183,-0.071826,10.113108
1764071247526,0.150835,-0.064643,9.643845
1764071247534,-0.014365,-0.009577,9.892841
1764071247542,0.354342,-0.004788,9.801862
1764071247550,0.227449,-0.126893,9.823410
1764071247558,-0.148441,0.110133,9.732430
1764071247566,0.320823,-0.081403,9.797073
1764071247574,0.232238,-0.107739,9.662998
1764071247582,0.318429,-0.148441,9.935937
1764071247590,0.294487,-0.169988,9.823410
1764071247598,0.162806,-0.162806,9.612720
1764071247606,0.146046,-0.122104,9.854534
1764071247614,0.011971,-0.217872,9.751583
1764071247622,0.119710,-0.131681,9.971850
1764071247630,0.169988,-0.191536,10.110714
1764071247638,0.093374,-0.181959,9.646238
1764071247646,0.237026,-0.179565,10.041282
1764071247654,0.047884,-0.304064,10.079589
1764071247662,-0.045490,-0.191536,9.562442
1764071247670,0.000000,-0.248997,10.208876
1764071247678,-0.028730,-0.272939,9.983821
1764071247686,-0.007183,0.014365,9.437943
1764071247694,0.033519,-0.306458,10.010158
1764071247702,0.081403,0.021548,9.832987
1764071247710,0.105345,-0.292093,10.062830
1764071247718,0.007183,-0.201113,9.452309
1764071247726,-0.071826,-0.019154,10.074800
1764071247734,-0.081403,-0.028730,9.816227
1764071247742,0.153229,-0.205901,9.830592
1764071247750,0.081403,-0.028730,9.947908
1764071247758,-0.086191,-0.112527,9.785102
1764071247766,0.148441,-0.210690,10.084377
1764071247774,-0.126893,-0.014365,9.787497
1764071247782,-0.004788,-0.026336,10.098742
1764071247790,0.248997,-0.153229,9.684546
1764071247798,0.100556,-0.181959,9.574412
1764071247806,-0.040701,-0.146046,10.220847
1764071247814,0.158017,-0.136469,9.919178
1764071247822,0.143652,-0.189142,9.636662
1764071247830,-0.007183,-0.208296,10.007763
1764071247838,0.026336,-0.220267,9.488221
1764071247846,0.186748,0.055067,9.935937
1764071247854,0.002394,-0.189142,9.761160
1764071247862,0.134075,-0.069432,9.476251
1764071247870,0.167594,-0.179565,10.275913
1764071247878,0.107739,-0.067038,9.947908
1764071247886,0.043096,-0.167594,9.945514
1764071247894,0.023942,-0.181959,9.868899
1764071247902,-0.201113,-0.172383,9.639056
1764071247910,-0.150835,-0.181959,10.220847
1764071247918,0.067038,-0.318429,9.694122
1764071247926,-0.011971,-0.158017,9.536105
1764071247934,0.031125,-0.225055,10.098742
1764071247942,0.323217,-0.323217,9.837775
1764071247950,0.191536,-0.280122,9.904813
1764071247958,0.059855,-0.289698,10.199299
1764071247966,0.100556,-0.162806,9.674969
1764071247974,0.270545,-0.251391,10.251971
1764071247982,0.215478,-0.071826,9.868899
1764071247990,0.201113,-0.131681,9.883265
1764071247998,0.351948,-0.136469,9.897630
1764071248006,0.217872,-0.155623,9.983821
1764071248014,0.119710,-0.241814,9.794679
1764071248022,0.122104,-0.119710,9.753978
1764071248030,0.165200,-0.270545,9.689334
1764071248038,0.158017,-0.107739,9.624691
1764071248046,0.074220,-0.215478,10.299856
1764071248054,0.361524,-0.222661,9.708488
1764071248062,0.071826,-0.179565,10.019734
1764071248070,0.222661,-0.181959,9.852140
1764071248078,0.361524,0.067038,9.581595
1764071248086,-0.011971,-0.184354,10.067618
1764071248094,0.095768,-0.213084,9.873688
1764071248102,0.019154,-0.158017,9.818622
1764071248110,-0.050278,-0.313640,9.672575
1764071248118,-0.062249,-0.282516,10.031705
1764071248126,0.153229,-0.172383,9.744401
1764071248134,0.057461,-0.272939,9.816227
1764071248142,0.201113,-0.227449,9.885659
1764071248150,0.253785,-0.076614,9.560047
1764071248158,0.062249,-0.119710,9.832987
1764071248166,0.177171,-0.225055,9.713276
1764071248174,0.213084,-0.160412,10.031705
1764071248182,0.095768,-0.158017,9.835381
1764071248190,0.272939,0.007183,9.454702
1764071248198,0.129287,-0.234632,10.201694
1764071248206,0.263362,-0.177171,9.773131
1764071248214,0.241814,0.009577,9.840169
1764071248222,0.438139,-0.260968,10.089166
1764071248230,0.270545,0.011971,9.643845
1764071248238,0.229843,0.021548,10.041282
1764071248246,0.397437,-0.098162,9.746795
1764071248254,0.320823,0.033519,9.550470
1764071248262,0.418985,0.215478,9.856929
1764071248270,0.248997,-0.076614,10.139444
1764071248278,0.366313,-0.102951,9.488221
1764071248286,0.167594,0.023942,9.821015
1764071248294,-0.062249,0.169988,10.060435
1764071248302,0.392649,-0.035913,9.809045
1764071248310,0.440533,0.177171,9.873688
1764071248318,0.052672,0.126893,10.204087
1764071248326,0.265756,0.373495,9.646238
1764071248334,0.191536,0.031125,10.220847
1764071248342,0.167594,0.129287,9.722853
1764071248350,-0.011971,0.354342,10.220847
1764071248358,0.383072,-0.062249,9.789890
1764071248366,0.217872,0.035913,9.672575
1764071248374,0.122104,0.155623,9.900024
1764071248382,0.143652,0.102951,9.983821
1764071248390,0.234632,0.342371,9.651027
1764071248398,0.241814,0.148441,10.149021
1764071248406,0.260968,0.124498,9.706094
1764071248414,0.179565,0.181959,10.139444
1764071248422,0.330400,0.112527,9.940725
1764071248430,0.229843,0.208296,9.842564
1764071248438,0.402226,0.136469,9.974244
1764071248446,0.383072,-0.059855,9.667787
1764071248454,0.248997,0.141258,10.012551
1764071248462,0.222661,-0.028730,9.739613
1764071248470,0.349553,-0.119710,9.957485
1764071248478,0.292093,-0.124498,9.763555
1764071248486,0.253785,0.009577,9.799467
1764071248494,0.232238,-0.148441,10.165780
1764071248502,0.390255,-0.117316,9.619903
1764071248510,0.342371,-0.011971,9.945514
1764071248518,0.471658,-0.095768,9.955091
1764071248526,0.481235,0.126893,9.643845
1764071248534,0.263362,0.033519,10.311827
1764071248542,0.641646,0.016759,9.507375
1764071248550,0.213084,0.067038,9.923966
1764071248558,0.213084,-0.093374,10.115502
1764071248566,0.258574,-0.016759,9.763555
1764071248574,0.057461,-0.126893,9.840169
1764071248582,0.071826,-0.057461,9.842564
1764071248590,0.201113,-0.193930,9.847352
1764071248598,0.100556,-0.119710,9.969456
1764071248606,0.095768,-0.076614,9.923966
1764071248614,0.268151,-0.165200,9.854534
1764071248622,0.210690,-0.162806,9.849746
1764071248630,0.076614,0.081403,9.727641
1764071248638,0.301669,0.026336,10.012551
1764071248646,0.050278,-0.110133,10.070012
1764071248654,0.366313,-0.062249,9.557653
1764071248662,0.112527,0.141258,9.979033
1764071248670,0.213084,0.131681,9.995792
1764071248678,0.296881,0.057461,9.974244
1764071248686,0.203507,0.191536,9.696517
1764071248694,0.083797,0.112527,10.093954
1764071248702,0.263362,0.126893,9.677363
1764071248710,0.107739,0.126893,9.897630
1764071248718,0.201113,0.208296,9.988609
1764071248726,0.272939,0.234632,9.971850
1764071248734,0.555455,0.081403,9.818622
1764071248742,0.268151,0.153229,9.744401
1764071248750,0.225055,0.371101,9.816227
1764071248758,0.442927,0.203507,9.641450
1764071248766,0.181959,0.193930,9.955091
1764071248774,0.373495,0.375890,9.603143
1764071248782,0.351948,0.275333,9.876082
1764071248790,0.411803,0.289698,9.828198
1764071248798,0.270545,0.210690,9.991004
1764071248806,0.617704,0.244209,10.010158
1764071248814,0.359130,0.316035,9.773131
1764071248822,0.258574,0.294487,10.010158
1764071248830,0.292093,0.371101,9.648633
1764071248838,0.227449,0.378284,9.768343
1764071248846,0.205901,0.363919,10.168175
1764071248854,0.416591,0.237026,9.739613
1764071248862,0.260968,0.131681,9.751583
1764071248870,0.241814,0.289698,10.012551
1764071248878,0.383072,0.191536,9.816227
1764071248886,0.205901,0.253785,9.742006
1764071248894,0.220267,0.272939,9.876082
1764071248902,0.313640,0.227449,9.880871
1764071248910,0.237026,0.193930,9.856929
1764071248918,0.304064,0.246603,9.768343
1764071248926,0.246603,0.191536,9.976639
1764071248934,0.110133,0.138864,9.780313
1764071248942,0.155623,0.059855,9.897630
1764071248950,0.035913,0.205901,9.809045
1764071248958,-0.011971,0.086191,9.866506
1764071248966,0.071826,0.055067,9.888053
1764071248974,0.196325,0.050278,9.785102
1764071248982,0.323217,0.071826,9.708488
1764071248990,0.225055,0.272939,9.950302
1764071248998,0.284910,0.196325,9.895236
1764071249006,0.102951,0.198719,9.615114
1764071249014,0.043096,0.205901,9.967062
1764071249022,0.069432,0.318429,9.931149
1764071249030,-0.031125,0.237026,9.883265
1764071249038,0.110133,0.129287,9.866506
1764071249046,0.179565,0.119710,9.844957
1764071249054,0.050278,0.181959,10.014946
1764071249062,-0.105345,0.011971,9.888053
1764071249070,0.045490,-0.045490,9.852140
1764071249078,0.308852,0.002394,9.622296
1764071249086,-0.033519,0.102951,9.916783
1764071249094,0.059855,0.155623,9.933543
1764071249102,0.287304,0.079009,9.464279
1764071249110,0.146046,0.158017,9.878476
1764071249118,0.385466,0.169988,9.861717
1764071249126,0.150835,0.179565,9.904813
1764071249134,0.011971,0.186748,10.043676
1764071249142,0.062249,0.270545,9.902418
1764071249150,-0.045490,-0.098162,9.883265
1764071249158,-0.114922,-0.079009,9.895236
1764071249166,-0.167594,0.040701,9.945514
1764071249174,-0.251391,0.160412,9.801862
1764071249182,-0.002394,0.033519,9.856929
1764071249190,-0.045490,0.119710,9.792285
1764071249198,-0.055067,0.220267,9.852140
1764071249206,0.090980,0.124498,9.986216
1764071249214,0.126893,0.184354,9.739613
1764071249222,0.114922,0.287304,10.038888
1764071249230,0.366313,0.227449,9.715671
1764071249238,0.011971,0.251391,9.902418
1764071249246,-0.047884,0.325611,9.744401
1764071249254,0.107739,0.234632,9.988609
1764071249262,0.150835,0.184354,9.703699
1764071249270,-0.031125,0.167594,9.935937
1764071249278,0.126893,0.114922,9.890448
1764071249286,0.038307,0.148441,9.849746
1764071249294,-0.045490,0.023942,9.758766
1764071249302,-0.160412,0.083797,9.914390
1764071249310,-0.122104,0.021548,9.744401
1764071249318,0.055067,0.131681,9.888053
1764071249326,0.263362,0.201113,9.818622
1764071249334,0.086191,0.158017,10.062830
1764071249342,0.038307,0.225055,9.679757
1764071249350,-0.040701,0.021548,9.914390
1764071249358,0.102951,0.114922,9.868899
1764071249366,-0.009577,0.117316,9.777920
1764071249374,0.035913,0.098162,9.878476
1764071249382,-0.050278,0.016759,9.935937
1764071249390,-0.062249,-0.016759,9.914390
1764071249398,-0.019154,-0.081403,9.651027
1764071249406,-0.112527,0.038307,9.974244
1764071249414,-0.035913,0.107739,10.041282
1764071249422,-0.023942,0.021548,9.955091
1764071249430,-0.026336,0.093374,9.694122
1764071249438,-0.057461,0.112527,9.964667
1764071249446,-0.174777,0.117316,9.871294
1764071249454,-0.126893,0.150835,9.516952
1764071249462,-0.093374,0.256180,9.854534
1764071249470,-0.191536,0.174777,10.031705
1764071249478,0.057461,0.203507,9.746795
1764071249486,-0.169988,0.117316,9.847352
1764071249494,-0.064643,0.186748,9.842564
1764071249502,-0.007183,0.196325,9.967062
1764071249510,-0.081403,0.174777,9.957485
1764071249518,-0.105345,0.074220,9.974244
1764071249526,-0.086191,0.098162,9.756371
1764071249534,-0.083797,0.208296,9.852140
1764071249542,-0.124498,0.275333,9.837775
1764071249550,-0.136469,0.035913,10.156203
1764071249558,-0.110133,0.035913,9.993398
1764071249566,-0.045490,0.146046,9.710882
1764071249574,-0.184354,0.136469,9.809045
1764071249582,-0.067038,0.117316,9.801862
1764071249590,-0.196325,0.059855,9.957485
1764071249598,-0.043096,0.119710,9.962274
1764071249606,-0.196325,0.088585,9.971850
1764071249614,-0.205901,0.114922,9.789890
1764071249622,-0.179565,0.105345,9.682152
1764071249630,-0.131681,0.124498,9.926360
1764071249638,-0.112527,0.093374,10.041282
1764071249646,-0.081403,0.035913,9.885659
1764071249653,-0.117316,0.045490,9.971850
1764071249661,-0.210690,0.040701,9.737218
1764071249669,-0.105345,0.102951,9.770737
1764071249677,-0.074220,0.098162,10.072407
1764071249685,-0.050278,0.162806,9.658210
1764071249693,-0.167594,0.102951,10.151415
1764071249701,-0.086191,0.270545,9.864111
1764071249709,-0.244209,0.241814,9.854534
1764071249717,-0.196325,0.131681,9.844957
1764071249725,-0.330400,0.095768,9.797073
1764071249733,-0.418985,-0.045490,9.878476
1764071249741,-0.418985,0.045490,9.703699
1764071249749,-0.363919,0.090980,9.854534
1764071249757,-0.469264,0.043096,10.031705
1764071249765,-0.268151,0.069432,9.792285
1764071249773,-0.205901,-0.069432,10.105926
1764071249781,-0.385466,-0.007183,9.907207
1764071249789,-0.201113,-0.047884,9.852140
1764071249797,-0.287304,-0.009577,9.914390
1764071249805,-0.232238,-0.004788,9.835381
1764071249813,-0.265756,-0.023942,9.880871
1764071249821,-0.282516,-0.086191,9.933543
1764071249829,-0.155623,-0.074220,9.871294
1764071249837,-0.102951,0.141258,9.718064
1764071249845,-0.148441,0.064643,9.900024
1764071249853,-0.107739,0.007183,10.046070
1764071249861,-0.064643,0.110133,9.854534
1764071249869,0.119710,0.079009,10.070012
1764071249877,-0.067038,0.019154,9.725247
1764071249885,-0.083797,0.055067,9.809045
1764071249893,-0.210690,-0.064643,9.947908
1764071249901,-0.007183,-0.045490,9.976639
1764071249909,-0.057461,-0.117316,10.072407
1764071249917,-0.119710,-0.196325,9.849746
1764071249925,0.002394,-0.059855,9.799467
1764071249933,-0.205901,-0.004788,9.959879
1764071249941,-0.083797,-0.184354,9.940725
1764071249949,-0.059855,-0.019154,9.744401
1764071249957,-0.011971,-0.086191,10.050858
1764071249965,0.062249,-0.019154,9.919178
1764071249973,-0.011971,-0.026336,9.397242
1764071249981,-0.016759,-0.052672,10.089166
1764071249989,0.217872,0.047884,9.588778
1764071249997,-0.090980,-0.086191,9.787497
1764071250005,0.057461,-0.105345,9.777920
1764071250013,-0.098162,-0.110133,9.962274
1764071250021,0.100556,-0.023942,9.775525
1764071250029,0.124498,-0.114922,9.916783
1764071250037,0.148441,0.112527,9.825804
1764071250045,0.016759,0.071826,9.967062
1764071250053,0.146046,-0.004788,9.842564
1764071250061,0.138864,-0.043096,10.144233
1764071250069,0.083797,-0.071826,9.811439
1764071250077,-0.038307,0.062249,9.471462
1764071250085,-0.055067,-0.079009,10.048465
1764071250093,0.201113,0.014365,9.598354
1764071250101,0.074220,-0.105345,10.010158
1764071250109,-0.167594,-0.126893,9.648633
1764071250117,-0.186748,-0.260968,9.916783
1764071250125,0.000000,-0.143652,9.780313
1764071250133,-0.117316,-0.052672,9.730036
1764071250141,-0.148441,-0.043096,9.955091
1764071250149,0.086191,0.050278,9.809045
1764071250157,0.124498,-0.043096,9.567230
1764071250165,0.160412,0.067038,10.007763
1764071250173,0.344765,0.136469,9.955091
1764071250181,0.253785,0.102951,9.557653
1764071250189,0.320823,0.181959,9.878476
1764071250197,0.057461,0.093374,9.938332
1764071250205,0.251391,0.112527,9.660604
1764071250213,0.495600,0.263362,9.976639
1764071250221,0.359130,0.344765,9.868899
1764071250229,0.373495,0.265756,9.737218
1764071250237,0.201113,0.162806,9.753978
1764071250245,-0.146046,0.040701,9.765948
1764071250253,0.028730,-0.023942,9.856929
1764071250261,0.134075,0.086191,9.986216
1764071250269,0.045490,0.052672,9.804255
1764071250277,-0.031125,-0.071826,9.844957
1764071250285,-0.043096,-0.050278,9.809045
1764071250293,-0.134075,-0.057461,9.837775
1764071250301,-0.174777,-0.079009,10.007763
1764071250309,-0.143652,-0.198719,9.770737
1764071250317,-0.045490,-0.059855,9.787497
1764071250325,-0.217872,-0.124498,9.981427
1764071250333,-0.026336,-0.038307,9.983821
1764071250341,-0.011971,0.023942,9.821015
1764071250349,-0.086191,-0.074220,9.981427
1764071250357,0.076614,0.035913,9.955091
1764071250365,0.193930,-0.028730,9.988609
1764071250373,0.074220,-0.055067,9.792285
1764071250381,0.122104,0.088585,9.799467
1764071250389,-0.014365,-0.088585,10.072407
1764071250397,-0.047884,-0.126893,9.993398
1764071250405,0.165200,0.026336,9.825804
1764071250413,-0.062249,-0.196325,10.041282
1764071250421,0.047884,-0.131681,9.639056
1764071250429,-0.076614,-0.093374,9.885659
1764071250437,-0.064643,-0.198719,9.835381
1764071250445,-0.016759,-0.181959,9.770737
1764071250453,0.016759,-0.114922,9.842564
1764071250461,-0.146046,-0.189142,9.931149
1764071250469,-0.146046,-0.079009,9.813833
1764071250477,-0.114922,-0.246603,9.955091
1764071250485,-0.246603,-0.071826,9.782708
1764071250493,-0.292093,-0.129287,9.840169
1764071250501,-0.208296,-0.215478,9.758766
1764071250509,-0.289698,-0.260968,9.900024
1764071250517,-0.272939,-0.234632,9.967062
1764071250525,-0.162806,-0.217872,9.706094
1764071250533,-0.186748,-0.287304,9.976639
1764071250541,0.090980,-0.169988,9.598354
1764071250549,-0.004788,-0.098162,10.046070
1764071250557,0.260968,0.028730,9.986216
1764071250565,0.057461,-0.122104,9.909601
1764071250573,0.169988,-0.057461,9.746795
1764071250581,0.040701,-0.100556,9.773131
1764071250589,-0.074220,-0.160412,9.739613
1764071250597,-0.083797,-0.119710,9.909601
1764071250605,-0.090980,-0.275333,10.084377
1764071250613,-0.328006,-0.418985,9.751583
1764071250621,-0.356736,-0.347159,9.974244
1764071250629,-0.371101,-0.234632,9.660604
1764071250637,-0.385466,-0.409408,10.115502
1764071250645,-0.213084,-0.301669,9.703699
1764071250653,-0.423774,-0.299275,9.706094
1764071250661,-0.308852,-0.260968,9.698911
1764071250669,-0.371101,-0.241814,9.768343
1764071250677,-0.524330,-0.153229,9.557653
1764071250685,-0.428562,-0.373495,10.038888
1764071250693,-0.404620,-0.395043,9.902418
1764071250701,-0.385466,-0.351948,9.909601
1764071250709,-0.395043,-0.189142,9.639056
1764071250717,-0.476446,-0.289698,9.938332
1764071250725,-0.225055,-0.119710,9.727641
1764071250733,-0.234632,-0.122104,10.163386
1764071250741,-0.131681,-0.100556,9.782708
1764071250749,-0.184354,-0.004788,9.806650
1764071250757,-0.229843,-0.074220,9.713276
1764071250765,-0.184354,-0.193930,9.825804
1764071250773,-0.186748,-0.217872,9.708488
1764071250781,-0.282516,-0.184354,9.914390
1764071250789,-0.593762,-0.476446,9.928755
1764071250797,-0.581791,-0.392649,9.940725
1764071250805,-0.799663,-0.383072,9.782708
1764071250813,-0.656011,-0.481235,9.732430
1764071250821,-0.739808,-0.407014,10.034100
1764071250829,-0.761356,-0.407014,9.816227
1764071250837,-0.495600,-0.246603,9.849746
1764071250845,-0.009577,0.055067,9.876082
1764071250853,0.076614,0.167594,9.658210
1764071250861,0.002394,-0.062249,9.950302
1764071250869,-0.004788,-0.189142,9.878476
1764071250877,0.014365,-0.114922,9.983821
1764071250885,-0.021548,-0.055067,9.902418
1764071250893,-0.009577,-0.016759,9.809045
1764071250901,-0.071826,0.057461,9.780313
1764071250909,-0.033519,0.146046,9.768343
1764071250917,-0.035913,0.167594,9.830592
1764071250925,-0.050278,0.021548,9.806650
1764071250933,-0.011971,-0.081403,9.770737
1764071250941,0.004788,-0.086191,9.988609
1764071250949,0.069432,-0.069432,9.856929
1764071250957,-0.014365,-0.021548,9.854534
1764071250965,-0.026336,-0.026336,9.890448
1764071250973,-0.052672,-0.004788,9.825804
1764071250981,0.040701,-0.047884,9.821015
1764071250989,0.059855,0.057461,9.911995
1764071250997,0.026336,-0.265756,9.823410
1764071251005,-0.122104,0.062249,9.974244
1764071251013,0.196325,0.119710,9.655815
1764071251021,0.081403,-0.071826,10.101137
1764071251029,-0.356736,-0.028730,9.710882
1764071251037,0.040701,0.035913,9.847352
1764071251045,0.292093,-0.210690,9.947908
1764071251053,-0.129287,0.028730,9.753978
1764071251061,-0.045490,0.011971,9.943120
1764071251069,0.122104,-0.126893,9.710882
1764071251077,0.095768,0.050278,9.962274
1764071251085,0.035913,-0.007183,9.931149
1764071251093,0.031125,0.033519,9.744401
1764071251101,-0.016759,0.040701,9.935937
1764071251109,0.009577,-0.126893,9.794679
1764071251117,0.023942,0.110133,9.830592
1764071251125,-0.033519,-0.112527,9.897630
1764071251133,0.040701,-0.057461,9.864111
1764071251141,-0.009577,0.026336,9.854534
1764071251149,0.007183,-0.093374,9.854534
1764071251157,0.014365,0.043096,9.861717
1764071251165,-0.011971,-0.016759,9.799467
1764071251173,-0.004788,-0.009577,9.892841
1764071251181,0.007183,-0.059855,9.818622
1764071251189,0.004788,-0.007183,9.861717
1764071251197,-0.007183,-0.038307,9.876082
1764071251205,0.004788,-0.026336,9.809045
1764071251213,0.002394,0.047884,9.883265
1764071251221,0.009577,-0.076614,9.835381
1764071251229,-0.011971,0.009577,9.844957
1764071251237,-0.004788,-0.043096,9.852140
1764071251245,0.009577,-0.050278,9.856929
1764071251253,0.002394,0.009577,9.856929
1764071251261,0.002394,-0.057461,9.842564
1764071251269,0.000000,0.007183,9.854534
1764071251277,0.014365,-0.043096,9.856929
1764071251285,-0.002394,0.002394,9.835381
1764071251293,0.004788,-0.047884,9.873688
1764071251301,0.009577,0.002394,9.837775
1764071251309,-0.016759,-0.026336,9.878476
1764071251317,0.011971,-0.033519,9.852140
1764071251325,0.016759,-0.031125,9.830592
1764071251333,-0.011971,-0.028730,9.876082
1764071251341,0.014365,-0.033519,9.852140
1764071251349,0.004788,-0.004788,9.844957
1764071251357,-0.019154,-0.002394,9.888053
1764071251365,0.009577,-0.019154,9.813833
1764071251373,0.004788,0.007183,9.864111
1764071251381,0.002394,-0.033519,9.876082
1764071251389,-0.002394,-0.038307,9.828198
1764071251397,0.007183,-0.014365,9.859323
1764071251405,0.011971,-0.045490,9.840169
1764071251413,0.002394,-0.035913,9.852140
1764071251421,-0.002394,0.002394,9.854534
1764071251429,0.002394,-0.047884,9.856929
1764071251437,-0.019154,-0.002394,9.890448
1764071251445,0.002394,-0.019154,9.854534
1764071251453,0.011971,-0.019154,9.844957
1764071251461,-0.019154,-0.023942,9.866506
1764071251469,0.002394,-0.033519,9.813833
1764071251477,-0.002394,-0.043096,9.859323
1764071251485,-0.009577,-0.009577,9.873688
1764071251493,0.014365,-0.014365,9.849746
1764071251501,-0.002394,-0.021548,9.852140
1764071251509,-0.019154,-0.004788,9.828198
1764071251517,0.028730,-0.011971,9.854534
1764071251525,0.004788,-0.007183,9.840169
1764071251533,-0.023942,-0.016759,9.859323
1764071251541,0.011971,-0.047884,9.842564
1764071251549,0.014365,-0.031125,9.842564
1764071251557,-0.021548,-0.023942,9.842564
1764071251565,-0.004788,-0.011971,9.885659
1764071251573,0.028730,-0.007183,9.818622
1764071251581,-0.021548,-0.023942,9.859323
1764071251589,-0.007183,-0.035913,9.859323
1764071251597,0.004788,-0.035913,9.837775
1764071251605,-0.004788,0.011971,9.866506
1764071251613,-0.007183,-0.004788,9.854534
1764071251621,0.033519,-0.016759,9.844957
1764071251629,-0.043096,-0.011971,9.844957
1764071251637,0.019154,-0.062249,9.864111
1764071251645,0.011971,0.002394,9.854534
1764071251653,-0.016759,-0.043096,9.847352
1764071251661,0.011971,-0.016759,9.849746
1764071251669,0.035913,-0.016759,9.842564
1764071251677,-0.011971,-0.040701,9.818622
1764071251685,-0.004788,0.004788,9.914390
1764071251693,0.021548,-0.038307,9.792285
1764071251701,-0.002394,-0.033519,9.892841
1764071251709,-0.023942,-0.004788,9.864111
1764071251717,0.004788,-0.009577,9.844957
1764071251725,0.038307,0.009577,9.880871
1764071251733,-0.050278,-0.045490,9.818622
1764071251741,0.007183,0.000000,9.890448
1764071251749,0.047884,-0.033519,9.825804
1764071251757,-0.019154,-0.007183,9.864111
1764071251765,-0.050278,-0.021548,9.868899
1764071251773,0.057461,-0.016759,9.844957
1764071251781,0.016759,0.002394,9.852140
1764071251789,-0.055067,-0.019154,9.871294
1764071251797,0.050278,0.004788,9.861717
1764071251805,0.009577,-0.045490,9.811439
1764071251813,-0.045490,0.000000,9.895236
1764071251821,0.067038,-0.031125,9.832987
1764071251829,0.023942,-0.090980,9.809045
1764071251837,-0.062249,-0.067038,9.883265
1764071251845,0.045490,-0.050278,9.844957
1764071251853,0.021548,0.112527,9.895236
1764071251861,-0.023942,0.011971,9.852140
1764071251869,-0.021548,-0.026336,9.816227
1764071251877,0.002394,-0.090980,9.844957
1764071251885,0.007183,-0.050278,9.864111
1764071251893,0.026336,0.016759,9.897630
1764071251901,-0.031125,0.019154,9.830592
1764071251909,0.011971,-0.026336,9.828198
1764071251917,0.009577,-0.050278,9.780313
1764071251925,-0.038307,-0.057461,9.926360
1764071251933,0.009577,0.019154,9.864111
1764071251941,0.043096,0.057461,9.859323
1764071251949,-0.069432,-0.057461,9.828198
1764071251957,-0.011971,-0.107739,9.809045
1764071251965,0.047884,-0.011971,9.830592
1764071251973,0.019154,0.028730,9.931149
1764071251981,-0.002394,0.052672,9.868899
1764071251989,-0.023942,-0.079009,9.789890
1764071251997,-0.019154,-0.086191,9.835381
1764071252005,0.011971,-0.011971,9.866506
1764071252013,0.000000,0.076614,9.919178
1764071252021,0.031125,-0.011971,9.816227
1764071252029,-0.016759,-0.050278,9.794679
1764071252037,-0.062249,-0.059855,9.885659
1764071252045,0.057461,-0.090980,9.825804
1764071252053,0.028730,0.071826,9.873688
1764071252061,-0.023942,-0.074220,9.878476
1764071252069,-0.026336,0.023942,9.797073
1764071252077,0.004788,-0.021548,9.852140
1764071252085,0.047884,-0.014365,9.852140
1764071252093,0.016759,-0.071826,9.837775
1764071252101,-0.100556,-0.014365,9.902418
1764071252109,0.028730,-0.052672,9.821015
1764071252117,0.079009,0.035913,9.823410
1764071252125,-0.126893,0.009577,9.873688
1764071252133,0.007183,-0.114922,9.828198
1764071252141,0.107739,0.026336,9.840169
1764071252149,-0.059855,-0.071826,9.859323
1764071252157,-0.031125,-0.050278,9.888053
1764071252165,0.057461,0.067038,9.821015
1764071252173,0.021548,-0.079009,9.806650
1764071252181,-0.100556,-0.023942,9.900024
1764071252189,0.023942,0.026336,9.847352
1764071252197,0.071826,-0.040701,9.828198
1764071252205,-0.105345,-0.033519,9.885659
1764071252213,-0.007183,0.035913,9.856929
1764071252221,0.119710,-0.059855,9.804255
1764071252229,-0.071826,-0.023942,9.885659
1764071252237,-0.055067,-0.023942,9.866506
1764071252245,0.098162,-0.076614,9.801862
1764071252253,-0.016759,0.019154,9.871294
1764071252261,-0.067038,0.000000,9.868899
1764071252269,0.083797,0.009577,9.830592
1764071252277,-0.009577,-0.023942,9.825804
1764071252285,-0.086191,-0.035913,9.914390
1764071252293,0.086191,-0.035913,9.823410
1764071252301,0.031125,-0.016759,9.835381
1764071252309,-0.095768,-0.011971,9.890448
1764071252317,0.050278,-0.021548,9.823410
1764071252325,0.050278,0.016759,9.837775
1764071252333,-0.081403,-0.047884,9.907207
1764071252341,0.031125,-0.033519,9.823410
1764071252349,0.057461,-0.026336,9.818622
1764071252357,-0.081403,-0.040701,9.895236
1764071252365,-0.002394,0.009577,9.835381
1764071252373,0.059855,0.028730,9.852140
1764071252381,-0.035913,-0.035913,9.864111
1764071252389,-0.023942,-0.057461,9.828198
1764071252397,0.043096,-0.043096,9.856929
1764071252405,0.000000,-0.035913,9.866506
1764071252413,-0.052672,0.016759,9.861717
1764071252421,0.026336,0.062249,9.868899
1764071252429,0.050278,-0.079009,9.825804
1764071252437,-0.076614,-0.071826,9.847352
1764071252445,-0.014365,-0.052672,9.880871
1764071252453,0.095768,-0.009577,9.830592
1764071252461,-0.052672,0.016759,9.868899
1764071252469,-0.050278,0.016759,9.864111
1764071252477,0.067038,-0.057461,9.806650
1764071252485,-0.004788,-0.026336,9.866506
1764071252493,-0.033519,0.002394,9.892841
1764071252501,0.076614,-0.052672,9.842564
1764071252509,-0.031125,0.019154,9.847352
1764071252517,-0.050278,-0.016759,9.866506
1764071252525,0.062249,-0.019154,9.830592
1764071252533,0.002394,-0.031125,9.876082
1764071252541,-0.064643,-0.011971,9.852140
1764071252549,0.062249,-0.067038,9.849746
1764071252557,0.000000,0.067038,9.844957
1764071252565,-0.047884,-0.026336,9.859323
1764071252573,0.047884,-0.033519,9.830592
1764071252581,0.007183,-0.038307,9.821015
1764071252589,-0.016759,-0.119710,9.861717
1764071252597,0.019154,-0.045490,9.859323
1764071252605,0.009577,0.021548,9.859323
1764071252613,0.004788,0.000000,9.854534
1764071252621,-0.009577,-0.004788,9.837775
1764071252629,-0.023942,-0.002394,9.864111
1764071252637,0.052672,-0.074220,9.849746
1764071252645,-0.019154,0.011971,9.844957
1764071252653,-0.033519,-0.028730,9.880871
1764071252661,0.055067,-0.031125,9.825804
1764071252669,-0.026336,-0.007183,9.842564
1764071252677,-0.043096,-0.047884,9.873688
1764071252685,0.057461,-0.033519,9.840169
1764071252693,-0.002394,0.002394,9.849746
1764071252701,-0.023942,-0.014365,9.885659
1764071252709,0.028730,-0.009577,9.825804
1764071252717,-0.007183,-0.019154,9.842564
1764071252725,-0.021548,-0.050278,9.868899
1764071252733,0.033519,-0.031125,9.816227
1764071252741,0.000000,-0.031125,9.890448
1764071252749,-0.028730,-0.023942,9.835381
1764071252757,0.040701,0.014365,9.825804
1764071252765,-0.014365,-0.011971,9.854534
1764071252773,-0.026336,-0.033519,9.871294
1764071252781,0.031125,0.016759,9.835381
1764071252789,0.004788,-0.050278,9.864111
1764071252797,-0.026336,0.028730,9.849746
1764071252805,0.035913,-0.023942,9.837775
1764071252813,-0.002394,-0.055067,9.852140
1764071252821,-0.050278,-0.023942,9.873688
1764071252829,0.031125,-0.028730,9.854534
1764071252837,0.028730,-0.011971,9.847352
1764071252845,-0.050278,-0.007183,9.852140
1764071252853,0.023942,-0.035913,9.832987
1764071252861,0.014365,-0.011971,9.842564
1764071252869,-0.021548,-0.011971,9.866506
1764071252877,0.011971,-0.028730,9.840169
1764071252885,0.011971,-0.014365,9.835381
1764071252893,-0.016759,-0.023942,9.885659
1764071252901,0.004788,-0.019154,9.825804
1764071252909,0.028730,0.004788,9.852140
1764071252917,0.000000,-0.031125,9.844957
1764071252925,-0.007183,-0.057461,9.847352
1764071252933,0.009577,0.004788,9.861717
1764071252941,0.011971,-0.038307,9.856929
1764071252949,0.007183,0.004788,9.861717
1764071252957,-0.002394,-0.014365,9.837775
1764071252965,0.004788,-0.031125,9.854534
1764071252973,0.011971,0.000000,9.854534
1764071252981,0.007183,-0.045490,9.830592
1764071252989,-0.007183,-0.014365,9.876082
1764071252997,0.028730,-0.033519,9.835381
1764071253005,-0.023942,0.000000,9.837775
1764071253013,-0.009577,0.002394,9.861717
1764071253021,0.033519,-0.026336,9.823410
1764071253029,-0.019154,-0.016759,9.854534
1764071253037,-0.021548,-0.057461,9.854534
1764071253045,0.047884,-0.004788,9.847352
1764071253053,-0.009577,-0.031125,9.842564
1764071253061,-0.028730,-0.016759,9.878476
1764071253069,0.038307,-0.019154,9.809045
1764071253077,-0.023942,-0.023942,9.856929
1764071253085,-0.033519,-0.009577,9.883265
1764071253093,0.035913,-0.019154,9.828198
1764071253101,0.004788,-0.004788,9.854534
1764071253109,-0.043096,-0.031125,9.842564
1764071253117,0.038307,-0.016759,9.854534
1764071253125,0.004788,-0.043096,9.852140
1764071253133,-0.019154,-0.038307,9.868899
1764071253141,0.028730,-0.011971,9.835381
1764071253149,0.011971,-0.016759,9.864111
1764071253157,-0.035913,-0.014365,9.849746
1764071253165,0.023942,-0.035913,9.835381
1764071253173,0.007183,0.000000,9.873688
1764071253181,-0.004788,-0.047884,9.854534
1764071253189,-0.004788,0.000000,9.844957
1764071253197,0.002394,-0.031125,9.864111
1764071253205,0.028730,-0.007183,9.842564
1764071253213,-0.021548,-0.019154,9.842564
1764071253221,0.004788,-0.019154,9.844957
1764071253229,0.038307,0.002394,9.859323
1764071253237,-0.023942,-0.105345,9.713276
1764071253245,-0.021548,0.064643,9.981427
1764071253253,0.052672,-0.146046,9.811439
1764071253261,-0.064643,0.100556,9.967062
1764071253269,0.124498,-0.129287,9.768343
1764071253277,-0.067038,0.050278,9.873688
1764071253285,-0.016759,-0.150835,9.928755
1764071253293,0.031125,0.090980,9.600749
1764071253301,0.028730,-0.064643,10.081984
1764071253309,-0.136469,-0.081403,9.880871
1764071253317,0.141258,0.062249,9.710882
1764071253325,0.000000,-0.129287,9.945514
1764071253333,-0.155623,-0.021548,9.751583
1764071253341,0.162806,0.052672,9.777920
1764071253349,0.038307,-0.114922,9.945514
1764071253357,-0.184354,0.124498,9.933543
1764071253365,0.107739,-0.119710,9.799467
1764071253373,0.064643,0.165200,9.868899
1764071253381,-0.071826,-0.234632,9.861717
1764071253389,-0.076614,0.100556,9.823410
1764071253397,0.136469,-0.064643,9.935937
1764071253405,-0.007183,-0.028730,9.727641
1764071253413,-0.086191,0.055067,10.065224
1764071253421,0.062249,-0.105345,9.615114
1764071253429,0.076614,-0.019154,9.998186
1764071253437,-0.102951,-0.028730,9.861717
1764071253445,0.059855,-0.074220,9.818622
1764071253453,0.038307,-0.035913,9.890448
1764071253461,-0.150835,0.007183,9.777920
1764071253469,0.146046,-0.100556,9.950302
1764071253477,-0.064643,0.088585,9.732430
1764071253485,-0.002394,-0.114922,10.000581
1764071253493,0.011971,0.071826,9.746795
1764071253501,0.021548,-0.095768,9.914390
1764071253509,-0.090980,0.088585,9.840169
1764071253517,0.059855,-0.114922,9.849746
1764071253525,0.035913,0.083797,9.849746
1764071253533,-0.088585,-0.117316,9.849746
1764071253541,0.031125,0.016759,9.866506
1764071253549,0.047884,0.004788,9.811439
1764071253557,-0.038307,-0.086191,9.880871
1764071253565,-0.031125,0.050278,9.861717
1764071253573,0.069432,-0.069432,9.823410
1764071253581,-0.019154,0.009577,9.900024
1764071253589,-0.007183,-0.035913,9.727641
1764071253597,-0.002394,-0.007183,9.923966
1764071253605,-0.026336,-0.043096,9.818622
1764071253613,0.028730,-0.004788,9.895236
1764071253621,0.002394,-0.007183,9.892841
1764071253629,-0.035913,-0.057461,9.770737
1764071253637,0.050278,0.035913,9.878476
1764071253645,-0.052672,-0.074220,9.787497
1764071253653,0.019154,-0.009577,9.907207
1764071253661,0.031125,0.002394,9.835381
1764071253669,-0.011971,-0.088585,9.837775
1764071253677,-0.019154,0.035913,9.895236
1764071253685,0.019154,-0.043096,9.804255
1764071253693,0.009577,-0.011971,9.856929
1764071253701,-0.011971,-0.014365,9.852140
1764071253709,0.011971,-0.026336,9.962274
1764071253717,-0.011971,0.009577,9.787497
1764071253725,0.011971,-0.026336,9.940725
1764071253733,0.004788,0.023942,9.883265
1764071253741,0.007183,-0.074220,9.876082
1764071253749,-0.038307,0.069432,9.789890
1764071253757,-0.002394,-0.100556,9.864111
1764071253765,0.059855,0.079009,9.916783
1764071253773,-0.050278,-0.114922,9.710882
1764071253781,-0.007183,0.007183,9.983821
1764071253789,0.088585,-0.028730,9.864111
1764071253797,-0.059855,-0.019154,9.727641
1764071253805,-0.023942,-0.023942,9.964667
1764071253813,0.040701,-0.009577,9.713276
1764071253821,-0.026336,-0.007183,9.880871
1764071253829,-0.023942,-0.035913,9.888053
1764071253837,0.050278,0.023942,9.811439
1764071253845,0.016759,-0.021548,9.883265
1764071253853,-0.050278,-0.045490,9.873688
1764071253861,0.021548,0.033519,9.837775
1764071253869,0.045490,-0.081403,9.813833
1764071253877,-0.059855,0.014365,9.892841
1764071253885,0.009577,-0.033519,9.854534
1764071253893,0.057461,-0.040701,9.816227
1764071253901,-0.079009,0.021548,9.864111
1764071253909,0.026336,-0.069432,9.864111
1764071253917,0.009577,0.009577,9.828198
1764071253925,-0.035913,-0.031125,9.897630
1764071253933,0.023942,-0.021548,9.849746
1764071253941,-0.007183,0.007183,9.821015
1764071253949,0.000000,-0.014365,9.866506
1764071253957,0.021548,-0.023942,9.864111
1764071253965,-0.009577,-0.040701,9.842564
1764071253973,0.011971,0.007183,9.880871
1764071253981,0.031125,-0.071826,9.847352
1764071253989,-0.062249,0.023942,9.871294
1764071253997,0.014365,-0.055067,9.825804
1764071254005,0.023942,0.000000,9.866506
1764071254013,0.016759,-0.047884,9.856929
1764071254021,-0.064643,-0.021548,9.873688
1764071254029,0.014365,-0.035913,9.847352
1764071254037,0.016759,-0.007183,9.854534
1764071254045,-0.004788,-0.043096,9.821015
1764071254053,-0.040701,-0.019154,9.914390
1764071254061,0.071826,-0.050278,9.825804
1764071254069,-0.047884,0.007183,9.880871
1764071254077,0.021548,-0.071826,9.907207
1764071254085,-0.047884,0.035913,9.801862
1764071254093,0.052672,-0.062249,9.904813
1764071254101,-0.035913,0.021548,9.837775
1764071254109,-0.002394,-0.047884,9.876082
1764071254117,0.033519,-0.004788,9.859323
1764071254125,-0.009577,-0.045490,9.804255
1764071254133,-0.023942,-0.031125,9.921572
1764071254141,0.045490,-0.011971,9.835381
1764071254149,-0.007183,-0.026336,9.818622
1764071254157,-0.057461,-0.138864,10.216059
1764071254165,0.181959,-0.325611,11.444284
