timestamp,X,Y,Z
1764071233048,0.010385,0.008552,-0.002443
1764071233056,-0.028711,-0.035430,0.002443
1764071233064,-0.037263,-0.043982,-0.002443
1764071233072,0.000000,-0.004887,0.000611
1764071233080,0.021380,0.034208,0.000000
1764071233088,0.008552,0.016493,0.001833
1764071233096,-0.006720,-0.010996,-0.001222
1764071233104,-0.016493,-0.014050,0.001222
1764071233112,-0.015272,-0.016493,-0.000611
1764071233120,0.004887,0.006720,0.001222
1764071233128,0.005498,0.013439,0.000000
1764071233136,-0.004887,-0.004276,0.000000
1764071233144,-0.003665,-0.007330,0.002443
1764071233152,-0.004887,-0.004887,0.000000
1764071233160,-0.003665,-0.003054,-0.001222
1764071233168,0.003665,0.006109,0.001833
1764071233176,-0.002443,0.000611,-0.000611
1764071233184,-0.003665,-0.007941,-0.001222
1764071233192,0.003665,-0.003054,0.001222
1764071233200,0.004276,0.004276,-0.000611
1764071233208,0.007330,0.004276,-0.000611
1764071233216,0.005498,0.005498,0.000000
1764071233224,-0.006109,-0.006720,-0.000611
1764071233232,-0.001222,-0.004276,0.000000
1764071233240,0.001222,0.000000,-0.000611
1764071233248,0.004276,0.001833,-0.000611
1764071233256,0.007330,0.004276,0.000611
1764071233264,0.003665,0.004887,-0.000611
1764071233272,-0.002443,0.000000,0.001222
1764071233280,-0.004276,-0.001222,0.000611
1764071233288,-0.006109,-0.004276,0.001222
1764071233296,-0.005498,-0.004887,0.000000
1764071233304,0.000611,0.001833,0.001222
1764071233312,0.001833,0.003054,0.001222
1764071233320,0.001222,0.003054,-0.000611
1764071233328,-0.001222,0.000611,0.000611
1764071233336,-0.006109,-0.006109,0.001222
1764071233344,-0.003665,-0.003054,-0.000611
1764071233352,0.000000,-0.001833,0.001222
1764071233360,-0.001833,0.001833,0.000000
1764071233368,0.001222,0.001833,0.000000
1764071233376,-0.001222,-0.001833,0.000611
1764071233384,-0.000611,-0.001833,-0.000611
1764071233392,0.000000,-0.000611,0.000000
1764071233400,0.001833,0.000611,0.000611
1764071233408,0.001222,0.001833,0.000611
1764071233417,0.004276,0.001222,0.000611
1764071233425,-0.001222,-0.000611,0.000611
1764071233433,-0.002443,-0.000611,0.000000
1764071233441,-0.000611,-0.001222,0.000000
1764071233449,-0.001222,-0.003054,0.000000
1764071233457,0.000611,0.003054,0.001222
1764071233465,0.001222,0.001222,0.000611
1764071233473,0.001833,0.000611,0.000611
1764071233481,0.001222,0.004276,0.001222
1764071233489,-0.001222,-0.000611,-0.000611
1764071233497,-0.001833,0.000000,0.001222
1764071233505,-0.003054,0.001222,-0.000611
1764071233513,-0.003054,0.000611,0.000611
1764071233521,-0.000611,0.000000,0.000611
1764071233529,-0.001222,0.001833,0.000611
1764071233537,0.000000,-0.001222,0.000000
1764071233545,0.000000,0.001222,0.000000
1764071233553,0.000611,0.001222,-0.000611
1764071233561,-0.001833,-0.001222,0.001833
1764071233569,-0.002443,0.000611,-0.000611
1764071233577,0.000000,-0.000611,0.000000
1764071233585,-0.001222,-0.003054,0.000000
1764071233593,-0.000611,-0.000611,0.000611
1764071233601,0.001222,0.000611,0.000000
1764071233609,0.001833,0.001222,0.000611
1764071233617,0.000611,0.001833,0.000611
1764071233625,0.000611,0.001833,0.001222
1764071233633,-0.001833,-0.002443,-0.001222
1764071233641,-0.001833,0.000611,-0.000611
1764071233649,-0.001222,-0.001222,0.000611
1764071233657,0.001833,0.000000,0.000611
1764071233665,0.000000,0.003665,0.000000
1764071233673,-0.001222,0.000000,0.000611
1764071233681,0.000000,-0.001222,0.000611
1764071233689,0.000611,0.003054,0.000611
1764071233697,-0.001222,0.000000,0.001222
1764071233705,-0.000611,0.002443,0.000611
1764071233713,-0.001222,0.000000,0.001222
1764071233721,-0.002443,-0.002443,0.000611
1764071233729,-0.003054,0.000000,0.000000
1764071233737,-0.001833,-0.001222,-0.001222
1764071233745,-0.000611,-0.001222,-0.000611
1764071233753,0.001833,0.000611,0.000000
1764071233761,0.002443,0.001222,0.001222
1764071233769,0.004276,0.002443,-0.000611
1764071233777,0.001222,0.003054,-0.000611
1764071233785,-0.001222,-0.001222,0.000000
1764071233793,-0.001833,-0.003054,0.000611
1764071233801,-0.001222,0.000611,0.000611
1764071233809,0.000000,-0.001222,0.000000
1764071233817,0.000000,-0.000611,0.001222
1764071233825,0.001222,0.002443,0.000611
1764071233833,-0.001222,-0.002443,0.000611
1764071233841,0.001222,0.001222,0.000611
1764071233849,-0.001222,0.001222,0.000611
1764071233857,-0.000611,-0.001222,0.000000
1764071233865,-0.000611,0.001222,0.000000
1764071233873,-0.002443,0.000000,-0.000611
1764071233881,-0.001222,-0.000611,0.000000
1764071233889,0.000000,0.000611,-0.000611
1764071233897,0.001222,0.001222,0.000611
1764071233905,0.000000,0.000000,0.000611
1764071233913,-0.001222,0.001833,0.000611
1764071233921,-0.002443,0.000611,-0.000611
1764071233929,0.000611,0.000000,0.001222
1764071233937,-0.003665,0.001833,0.000000
1764071233945,-0.006720,-0.002443,0.000000
1764071233953,-0.004887,-0.006720,0.000611
1764071233961,0.000611,-0.006109,0.000611
1764071233969,0.008552,0.003054,0.000000
1764071233977,0.013439,0.010385,0.000000
1764071233985,0.008552,0.011606,0.001222
1764071233993,0.000000,0.001222,0.000000
1764071234001,-0.010385,-0.006109,0.000000
1764071234009,-0.012217,-0.007941,0.000000
1764071234017,-0.007941,-0.004276,0.001222
1764071234025,0.000000,0.001833,0.000611
1764071234033,0.002443,0.004276,0.001222
1764071234041,0.003054,0.001833,0.001222
1764071234049,0.002443,0.001222,0.001222
1764071234057,-0.001222,-0.000611,0.000000
1764071234065,-0.001222,-0.000611,0.000000
1764071234073,0.000611,-0.002443,0.000611
1764071234081,-0.001833,0.000000,0.000000
1764071234089,0.002443,0.000611,0.001222
1764071234097,0.003054,0.003054,0.001833
1764071234105,-0.000611,0.000611,-0.000611
1764071234113,0.000000,-0.000611,0.000611
1764071234121,0.001222,0.001833,0.001222
1764071234129,-0.000611,0.000611,0.000000
1764071234137,0.000000,0.000611,0.000000
1764071234145,0.000000,0.001222,0.000000
1764071234153,-0.000611,-0.000611,0.000611
1764071234161,-0.002443,-0.003054,0.000611
1764071234169,0.000611,-0.000611,0.000611
1764071234177,0.000611,0.001833,0.001222
1764071234185,0.001222,0.002443,0.001222
1764071234193,0.001222,0.003054,0.000000
1764071234201,0.001222,0.001222,0.000611
1764071234209,-0.001222,-0.003665,0.000611
1764071234217,-0.001833,-0.001833,0.000611
1764071234225,-0.000611,-0.001833,0.001222
1764071234233,0.001222,0.001222,0.000000
1764071234241,-0.001222,0.003054,0.000000
1764071234249,0.000611,-0.000611,0.000000
1764071234257,-0.002443,0.000000,0.001222
1764071234265,-0.000611,-0.003054,0.001222
1764071234273,-0.001833,0.000611,0.000611
1764071234281,0.001833,-0.000611,0.000611
1764071234289,0.000000,0.003054,0.000611
1764071234297,-0.001222,0.000000,0.000611
1764071234305,0.001833,0.000611,0.000611
1764071234313,-0.001222,-0.002443,-0.000611
1764071234321,-0.001833,0.000611,0.000611
1764071234329,0.000000,0.001833,0.001222
1764071234337,0.000000,0.000000,0.001222
1764071234345,0.000000,0.001833,-0.000611
1764071234353,-0.000611,0.000611,0.001222
1764071234361,0.000000,-0.000611,0.000611
1764071234369,0.001222,-0.001222,0.001833
1764071234377,0.000000,0.003054,-0.000611
1764071234385,0.000000,0.002443,0.000000
1764071234393,-0.000611,0.000611,0.000611
1764071234401,-0.001833,-0.000611,0.000000
1764071234409,-0.001222,-0.000611,0.000611
1764071234417,0.000611,-0.001833,-0.000611
1764071234425,0.000611,-0.000611,-0.001833
1764071234433,0.000611,0.002443,0.000611
1764071234441,0.001222,0.001833,0.000000
1764071234449,-0.002443,0.001222,-0.000611
1764071234457,0.000000,0.000000,-0.000611
1764071234465,-0.000611,-0.000611,0.000611
1764071234473,-0.000611,-0.000611,0.000000
1764071234481,0.000611,0.000611,0.001222
1764071234489,-0.000611,-0.001222,0.000000
1764071234497,-0.001222,-0.001833,0.000611
1764071234505,0.000611,0.000000,0.000000
1764071234513,-0.001222,0.000000,0.000000
1764071234521,-0.000611,0.001222,0.001833
1764071234529,0.000611,0.000611,0.000000
1764071234537,-0.001222,-0.002443,0.000000
1764071234545,-0.000611,-0.001222,0.000000
1764071234553,-0.000611,-0.001222,0.001222
1764071234561,0.000611,0.000000,0.001222
1764071234569,0.001222,0.003054,0.000000
1764071234577,0.000000,-0.001222,0.000611
1764071234585,0.001833,0.003054,0.000000
1764071234593,-0.002443,-0.000611,0.000000
1764071234601,-0.000611,-0.003054,0.000611
1764071234609,0.000611,0.000611,0.000000
1764071234617,0.001222,0.003665,0.000611
1764071234625,0.001222,0.002443,0.000000
1764071234633,-0.001222,0.000611,-0.001222
1764071234641,-0.000611,-0.001222,0.000000
1764071234649,-0.001833,-0.004276,0.000000
1764071234657,0.000000,0.000000,0.001222
1764071234665,0.001222,-0.001222,0.001222
1764071234673,0.001833,0.000611,0.001222
1764071234681,0.000611,0.001222,-0.000611
1764071234689,-0.002443,-0.003054,0.000611
1764071234697,-0.001833,-0.001222,0.000000
1764071234705,-0.000611,0.000000,0.000611
1764071234713,0.001833,0.000000,0.000000
1764071234721,0.001833,0.001222,0.000000
1764071234729,0.002443,0.000611,0.000611
1764071234737,0.000611,-0.000611,0.000611
1764071234745,-0.001222,0.000611,0.000000
1764071234753,-0.000611,0.000611,0.001222
1764071234761,0.000000,-0.002443,0.000611
1764071234769,0.000611,0.001833,0.000000
1764071234777,-0.000611,0.001222,0.000611
1764071234785,-0.001222,0.000611,0.000000
1764071234793,0.000000,0.000000,0.000000
1764071234801,0.000611,-0.000611,0.001222
1764071234809,0.001833,-0.000611,0.000000
1764071234817,0.000000,0.000611,-0.000611
1764071234825,-0.000611,0.000000,-0.002443
1764071234833,0.000611,0.000000,-0.000611
1764071234841,0.000611,0.000000,0.001222
1764071234849,-0.000611,-0.000611,0.000611
1764071234857,0.001222,0.000000,0.000611
1764071234865,0.001222,0.004276,0.001833
1764071234873,0.001222,-0.001833,0.000611
1764071234881,0.000000,0.000000,0.000611
1764071234889,-0.000611,-0.001833,0.001222
1764071234897,-0.001222,-0.000611,-0.000611
1764071234905,-0.001833,0.000000,-0.000611
1764071234913,0.001833,0.003054,-0.000611
1764071234921,0.001833,-0.001222,0.000611
1764071234929,0.000000,0.000611,0.000611
1764071234937,-0.001222,0.000000,0.000611
1764071234945,0.001222,-0.001222,0.000611
1764071234953,-0.000611,0.002443,-0.000611
1764071234961,0.000611,0.003054,0.000000
1764071234969,0.000000,-0.001833,-0.000611
1764071234977,0.000000,-0.000611,-0.000611
1764071234985,0.000000,0.002443,0.000611
1764071234993,0.000000,-0.000611,0.000611
1764071235001,0.000000,0.000611,0.000000
1764071235009,0.000611,0.001833,0.001222
1764071235017,0.000000,0.000000,0.002443
1764071235025,0.000611,0.002443,0.000000
1764071235033,0.000000,0.000000,0.001222
1764071235041,-0.000611,0.000000,-0.001222
1764071235049,-0.000611,0.001833,0.001222
1764071235057,-0.001833,-0.001222,0.000000
1764071235065,-0.001833,-0.002443,0.001222
1764071235073,0.001222,-0.001222,0.000000
1764071235081,-0.003665,-0.001222,-0.001833
1764071235089,-0.002443,-0.002443,-0.000611
1764071235097,0.000611,0.001222,-0.001222
1764071235105,0.000000,-0.002443,0.000611
1764071235113,-0.000611,0.001833,0.000000
1764071235121,0.001222,-0.000611,0.001833
1764071235129,-0.001833,0.000000,0.000000
1764071235137,0.000000,0.001222,0.000000
1764071235145,-0.000611,-0.000611,0.000611
1764071235153,-0.002443,0.000000,-0.000611
1764071235161,0.000000,0.001222,-0.000611
1764071235169,0.000000,-0.001222,0.000611
1764071235177,-0.000611,-0.002443,-0.001833
1764071235185,0.000611,0.001222,0.000000
1764071235193,0.000000,0.000000,-0.001222
1764071235201,-0.000611,0.000611,0.000000
1764071235209,0.000000,0.000000,0.000611
1764071235217,0.000000,-0.001222,0.001222
1764071235225,-0.000611,-0.001833,-0.000611
1764071235233,-0.001222,-0.000611,0.001222
1764071235241,0.000000,-0.003054,0.000611
1764071235249,-0.001222,0.000611,0.000611
1764071235257,0.000611,0.000611,0.000611
1764071235265,0.000611,-0.001833,0.000000
1764071235273,-0.001833,-0.000611,0.000000
1764071235281,-0.000611,0.000000,0.000000
1764071235289,0.000000,-0.001833,0.000000
1764071235297,0.001222,0.000000,0.000611
1764071235305,-0.001833,0.000000,0.000000
1764071235313,-0.001222,-0.001222,0.000000
1764071235321,-0.000611,0.000000,0.001222
1764071235329,-0.000611,-0.000611,0.000000
1764071235337,0.000000,0.000000,0.000000
1764071235345,0.002443,0.000000,0.001833
1764071235353,-0.001833,0.001833,-0.000611
1764071235361,0.000000,-0.001833,0.000611
1764071235369,0.000000,-0.001833,0.001222
1764071235377,-0.001222,0.002443,0.000611
1764071235385,0.000000,-0.000611,0.001222
1764071235393,0.000611,0.001222,-0.000611
1764071235401,-0.001833,0.001222,0.000000
1764071235409,0.000611,-0.003054,0.001222
1764071235417,0.001222,0.000611,0.000611
1764071235425,-0.000611,0.000000,0.001222
1764071235433,0.001833,0.000000,0.000611
1764071235441,-0.002443,-0.003054,0.000000
1764071235449,0.000000,0.000611,0.000611
1764071235457,0.000611,-0.001222,0.000000
1764071235465,0.001222,0.000000,0.000000
1764071235473,0.000000,0.001833,0.000611
1764071235481,-0.006109,-0.003665,0.000611
1764071235489,-0.006109,-0.004887,0.000000
1764071235497,-0.002443,-0.003665,0.000611
1764071235505,0.001222,0.001833,-0.000611
1764071235513,0.004887,0.004887,0.000000
1764071235521,0.001833,0.000611,0.000611
1764071235529,-0.001222,-0.001833,0.000611
1764071235537,-0.001833,-0.001222,0.000611
1764071235545,-0.001222,-0.001833,0.000000
1764071235553,0.001833,-0.002443,0.001833
1764071235561,0.000000,0.001222,0.000611
1764071235569,-0.001222,-0.003054,0.000611
1764071235577,0.001833,0.000000,0.000611
1764071235585,0.001222,0.000000,0.001222
1764071235593,-0.002443,-0.002443,-0.000611
1764071235601,0.000611,-0.001222,0.001222
1764071235609,-0.001222,-0.000611,0.000611
1764071235617,-0.001222,0.001222,0.000000
1764071235625,0.000611,-0.001222,0.001833
1764071235633,0.000000,0.002443,0.000000
1764071235641,-0.001222,-0.001222,-0.001222
1764071235649,0.000611,-0.000611,0.001222
1764071235657,-0.001833,0.000000,0.000611
1764071235665,-0.001833,-0.003665,-0.001222
1764071235673,0.001222,0.000000,0.000000
1764071235681,0.000000,-0.001222,-0.001222
1764071235689,0.000611,0.000611,0.000000
1764071235697,-0.000611,-0.000611,0.001222
1764071235705,-0.002443,0.000000,0.000611
1764071235713,-0.000611,-0.003054,-0.000611
1764071235721,0.000000,-0.000611,0.001222
1764071235729,-0.001222,0.001222,0.000000
1764071235737,-0.000611,-0.000611,0.000000
1764071235745,0.001222,0.000611,0.000000
1764071235753,-0.000611,-0.003665,0.000000
1764071235761,0.000611,0.000611,0.000000
1764071235769,-0.000611,0.000000,0.000611
1764071235777,-0.003054,-0.002443,0.000611
1764071235785,0.001833,0.000000,-0.000611
1764071235793,0.000000,0.000000,0.000611
1764071235801,0.000611,-0.000611,-0.000611
1764071235809,0.001222,0.001222,0.000000
1764071235817,0.001833,0.000611,0.000611
1764071235825,-0.001222,-0.001222,0.000000
1764071235833,-0.001222,0.001222,-0.000611
1764071235841,-0.001222,-0.002443,0.000611
1764071235849,0.000000,-0.000611,-0.000611
1764071235857,0.000000,0.000000,0.000611
1764071235865,-0.000611,-0.000611,0.001833
1764071235873,0.001833,0.000000,0.000611
1764071235881,-0.001222,-0.001833,0.000000
1764071235889,0.000000,-0.000611,0.000611
1764071235897,0.000000,-0.001222,0.001833
1764071235905,-0.000611,-0.000611,0.000611
1764071235913,0.000000,-0.000611,-0.000611
1764071235921,0.000000,-0.002443,0.000611
1764071235929,0.000611,0.001222,0.000611
1764071235937,-0.000611,0.000611,0.000611
1764071235945,0.001833,-0.001222,0.000000
1764071235953,0.000611,0.000611,0.000000
1764071235961,0.001222,-0.001833,0.001222
1764071235969,0.000611,0.000611,0.000611
1764071235977,0.000000,0.000000,-0.000611
1764071235985,-0.001833,-0.000611,0.000611
1764071235993,0.000000,0.000611,0.000000
1764071236001,-0.000611,0.001222,0.000000
1764071236009,-0.000611,-0.000611,0.001222
1764071236017,-0.000611,0.001833,0.000000
1764071236025,-0.001833,-0.001833,0.000611
1764071236033,-0.001833,-0.003665,-0.000611
1764071236041,0.000000,0.000000,0.000000
1764071236049,-0.000611,-0.002443,-0.000611
1764071236057,0.000611,0.001222,0.000611
1764071236065,0.000611,-0.002443,0.000000
1764071236073,-0.001222,0.000000,0.000611
1764071236081,0.000000,0.000611,0.000000
1764071236089,0.000000,0.000000,0.001222
1764071236097,-0.000611,0.000000,0.001222
1764071236105,-0.000611,0.000611,0.001222
1764071236113,0.001222,0.001222,0.001833
1764071236121,0.000611,0.003054,0.001222
1764071236129,0.000000,0.002443,0.001833
1764071236137,0.000000,0.001833,0.001222
1764071236145,-0.000611,-0.001222,0.001833
1764071236153,-0.000611,0.001222,0.000611
1764071236162,-0.000611,0.000611,0.000611
1764071236170,-0.001833,0.000611,0.000000
1764071236178,0.000000,-0.002443,-0.000611
1764071236186,-0.001833,-0.000611,-0.000611
1764071236194,-0.000611,-0.002443,0.000611
1764071236202,0.000000,-0.003054,0.000000
1764071236210,-0.001222,0.000000,0.000000
1764071236218,-0.001222,-0.000611,0.000000
1764071236226,-0.000611,0.000611,0.000000
1764071236234,0.000000,-0.000611,0.002443
1764071236242,-0.001222,0.000000,0.001222
1764071236250,0.000611,0.001222,0.001222
1764071236258,-0.001833,-0.001222,0.000611
1764071236266,-0.000611,-0.001222,0.000611
1764071236274,-0.001222,-0.000611,0.001833
1764071236282,-0.000611,0.001222,0.000611
1764071236290,0.000000,-0.001222,0.000000
1764071236298,-0.001833,-0.003054,-0.000611
1764071236306,-0.001222,-0.003054,-0.001222
1764071236314,-0.000611,0.002443,-0.001833
1764071236322,-0.001833,0.000611,0.000611
1764071236330,-0.001222,-0.001833,-0.001222
1764071236338,0.000611,-0.002443,0.001833
1764071236346,-0.001833,-0.001222,0.000000
1764071236354,0.000611,0.000000,-0.000611
1764071236362,0.001222,0.000611,-0.001222
1764071236370,-0.000611,0.001222,-0.001833
1764071236378,0.001222,0.001833,-0.002443
1764071236386,0.002443,0.000000,-0.005498
1764071236394,0.000611,0.001833,-0.006109
1764071236402,-0.001833,-0.003054,-0.006720
1764071236410,-0.000611,-0.003054,-0.009163
1764071236418,-0.001222,-0.000611,-0.008552
1764071236426,0.000000,-0.005498,-0.018937
1764071236434,-0.003054,-0.006720,-0.047647
1764071236442,-0.003054,-0.003665,-0.062308
1764071236450,-0.000611,0.000611,-0.064141
1764071236458,0.006720,0.003054,-0.058643
1764071236466,0.006109,0.005498,-0.051313
1764071236474,0.000611,0.000000,-0.055589
1764071236482,-0.001222,-0.001222,-0.056810
1764071236490,-0.001222,-0.001833,-0.048869
1764071236498,0.000611,-0.000611,-0.042761
1764071236506,0.000611,0.001222,-0.038485
1764071236514,0.001222,-0.004276,-0.037263
1764071236522,-0.002443,-0.002443,-0.040928
1764071236530,-0.001833,-0.001833,-0.052534
1764071236538,0.000000,-0.004276,-0.064752
1764071236546,-0.000611,0.002443,-0.086132
1764071236554,0.001833,0.007941,-0.100793
1764071236562,0.002443,0.004887,-0.102014
1764071236570,0.001222,0.002443,-0.093462
1764071236578,-0.001222,-0.003054,-0.075747
1764071236586,-0.003665,-0.010385,-0.062308
1764071236594,-0.003054,-0.004887,-0.054978
1764071236602,0.000000,-0.003665,-0.055589
1764071236610,0.000611,-0.000611,-0.068417
1764071236618,0.000611,0.000611,-0.091630
1764071236626,0.000000,-0.001222,-0.106901
1764071236634,-0.001222,-0.001833,-0.116675
1764071236642,-0.001222,0.000000,-0.119730
1764071236650,-0.001833,0.003054,-0.104458
1764071236658,0.003665,0.004276,-0.087965
1764071236666,0.002443,0.001833,-0.072693
1764071236674,0.003665,0.010996,-0.057421
1764071236682,0.005498,-0.007330,-0.029932
1764071236690,-0.001833,-0.006720,-0.028100
1764071236698,-0.001222,-0.005498,-0.037874
1764071236706,0.001222,-0.001222,-0.058643
1764071236714,0.002443,-0.003665,-0.075136
1764071236722,0.000611,0.003054,-0.093462
1764071236730,-0.002443,0.003665,-0.100793
1764071236738,-0.003665,0.002443,-0.102014
1764071236746,-0.003665,0.001833,-0.098349
1764071236754,-0.001222,0.002443,-0.085521
1764071236762,0.001833,0.000000,-0.073915
1764071236770,0.003054,-0.003665,-0.059254
1764071236778,0.000611,-0.004276,-0.051313
1764071236786,0.000000,-0.003054,-0.051313
1764071236794,-0.000611,-0.004887,-0.054978
1764071236802,-0.001222,-0.006720,-0.065363
1764071236810,0.002443,-0.006720,-0.078191
1764071236818,0.001833,0.002443,-0.094073
1764071236826,0.001222,0.009163,-0.105680
1764071236834,0.001833,0.003054,-0.105680
1764071236842,-0.009774,-0.007330,-0.081245
1764071236850,-0.009774,-0.006720,-0.042150
1764071236858,-0.004276,-0.006720,-0.015882
1764071236866,0.001833,0.000611,0.016493
1764071236874,0.006720,0.012828,0.037874
1764071236882,-0.001833,0.000000,0.037874
1764071236890,-0.006109,-0.010996,0.037874
1764071236898,-0.007330,-0.006109,0.036652
1764071236906,0.001833,-0.004887,0.035430
1764071236914,0.003054,0.010385,0.034208
1764071236922,0.008552,0.004887,0.025656
1764071236930,0.001222,-0.001833,0.014661
1764071236938,-0.002443,-0.003665,0.007330
1764071236946,-0.003054,-0.004887,-0.001222
1764071236954,-0.003665,0.001833,-0.005498
1764071236962,0.000611,-0.003054,-0.006109
1764071236970,0.000611,-0.004887,0.001833
1764071236978,0.001833,0.003665,0.004276
1764071236986,0.003665,0.002443,0.006109
1764071236994,0.001833,0.000000,0.001833
1764071237002,0.001833,-0.003054,-0.007330
1764071237010,-0.001222,-0.001833,-0.011606
1764071237018,-0.000611,0.000000,-0.006109
1764071237026,-0.003665,-0.001833,0.001833
1764071237034,0.000611,-0.000611,0.014050
1764071237042,0.002443,0.002443,0.021991
1764071237050,-0.000611,0.004887,0.025045
1764071237058,0.001222,-0.008552,0.018326
1764071237066,0.001833,-0.004276,0.006720
1764071237074,-0.000611,0.002443,-0.026878
1764071237082,-0.001222,0.012217,-0.064752
1764071237090,0.003054,-0.001222,-0.081245
1764071237098,-0.001833,-0.009163,-0.089186
1764071237106,-0.006109,-0.001833,-0.087354
1764071237114,-0.006109,-0.002443,-0.080023
1764071237122,0.001833,0.001833,-0.073915
1764071237130,0.003665,0.010996,-0.069639
1764071237138,0.008552,0.001833,-0.065973
1764071237146,-0.001833,0.006109,-0.054978
1764071237154,-0.008552,-0.013439,-0.039095
1764071237162,-0.006720,0.000000,-0.032987
1764071237170,0.004887,-0.012217,-0.034819
1764071237178,0.003054,0.000611,-0.046426
1764071237186,-0.001222,0.019548,-0.060476
1764071237194,0.000000,-0.022602,-0.080023
1764071237202,-0.010996,0.007330,-0.094684
1764071237210,-0.001222,0.000000,-0.110567
1764071237218,0.003054,-0.006109,-0.120951
1764071237226,-0.001222,0.029322,-0.123395
1764071237234,0.004887,-0.003665,-0.130725
1764071237242,-0.007330,-0.006720,-0.130114
1764071237250,-0.003665,-0.008552,-0.132558
1764071237258,-0.001833,0.003665,-0.128893
1764071237266,-0.005498,0.010385,-0.126449
1764071237274,-0.006109,0.013439,-0.126449
1764071237282,0.006109,-0.024435,-0.127671
1764071237290,-0.014050,0.051313,-0.135001
1764071237298,0.002443,-0.032376,-0.139277
1764071237306,-0.009774,0.019548,-0.148440
1764071237314,0.006109,-0.033598,-0.147219
1764071237322,0.000000,0.010996,-0.149662
1764071237330,0.004887,0.001833,-0.145997
1764071237338,0.000000,-0.015272,-0.140499
1764071237346,-0.012217,0.012828,-0.127060
1764071237354,0.001222,-0.024435,-0.111177
1764071237362,-0.003054,0.001222,-0.100793
1764071237370,0.006720,0.011606,-0.088575
1764071237378,0.013439,-0.014661,-0.079412
1764071237386,-0.001833,0.017715,-0.074526
1764071237394,-0.003054,-0.012828,-0.067195
1764071237402,-0.007941,0.004887,-0.058643
1764071237410,0.008552,-0.017715,-0.060476
1764071237418,-0.003665,0.025656,-0.066584
1764071237426,0.004887,-0.030543,-0.072082
1764071237434,-0.011606,0.006720,-0.069639
1764071237442,0.009774,-0.023824,-0.065363
1764071237450,0.010996,-0.014050,-0.059865
1764071237458,-0.006109,0.025656,-0.057421
1764071237466,-0.003054,0.009774,-0.049480
1764071237474,-0.001833,-0.010385,-0.044593
1764071237482,-0.001833,-0.003054,-0.040317
1764071237490,0.006720,0.002443,-0.046426
1764071237498,0.001833,-0.010996,-0.047647
1764071237506,-0.004276,-0.010385,-0.037874
1764071237514,0.008552,-0.014661,-0.031154
1764071237522,0.003054,0.020769,-0.035430
1764071237530,0.006109,-0.006720,-0.052534
1764071237538,-0.010385,-0.005498,-0.053756
1764071237546,-0.005498,-0.002443,-0.054367
1764071237554,0.013439,-0.019548,-0.054978
1764071237562,0.007330,0.010385,-0.054367
1764071237570,0.005498,0.005498,-0.061697
1764071237578,-0.001833,0.007941,-0.068417
1764071237586,-0.003665,-0.015272,-0.071471
1764071237594,0.001833,0.006720,-0.080023
1764071237602,0.001833,0.017715,-0.085521
1764071237610,-0.006109,0.000000,-0.095295
1764071237618,-0.010385,0.012217,-0.100793
1764071237626,0.008552,-0.029932,-0.109956
1764071237634,-0.006720,0.020159,-0.106901
1764071237642,0.004276,-0.003054,-0.096517
1764071237650,0.001833,0.009774,-0.086743
1764071237658,0.002443,-0.025045,-0.072082
1764071237666,-0.003054,-0.004887,-0.066584
1764071237674,0.003054,0.005498,-0.065363
1764071237682,0.003054,0.004887,-0.062308
1764071237690,-0.006109,0.016493,-0.070860
1764071237698,-0.000611,-0.010996,-0.083689
1764071237706,-0.001222,-0.004276,-0.094684
1764071237714,0.001222,0.002443,-0.117286
1764071237722,0.007330,-0.002443,-0.134390
1764071237730,-0.004887,0.018937,-0.145997
1764071237738,-0.011606,0.010996,-0.140499
1764071237746,0.000611,-0.005498,-0.134390
1764071237754,0.004887,0.016493,-0.124617
1764071237762,-0.003054,0.009774,-0.117897
1764071237770,-0.006109,0.000611,-0.113010
1764071237778,0.007941,-0.025656,-0.105069
1764071237786,0.009774,-0.010996,-0.102625
1764071237794,0.000000,0.032987,-0.105680
1764071237802,0.014050,-0.023824,-0.111177
1764071237810,-0.012217,0.015882,-0.114232
1764071237818,0.010385,-0.024435,-0.117897
1764071237826,0.006720,-0.017715,-0.127060
1764071237834,-0.001222,-0.003665,-0.127060
1764071237842,-0.001833,0.001222,-0.125227
1764071237850,-0.006109,0.022602,-0.109956
1764071237858,0.010385,-0.033598,-0.095906
1764071237866,0.007941,-0.002443,-0.083689
1764071237874,0.004276,-0.004887,-0.078802
1764071237882,-0.004276,0.010385,-0.076358
1764071237890,-0.001833,0.015882,-0.084299
1764071237898,0.000000,-0.009774,-0.088575
1764071237906,-0.003054,-0.017715,-0.092852
1764071237914,0.004887,0.028100,-0.102625
1764071237922,0.015272,-0.003665,-0.126449
1764071237930,-0.004887,0.003665,-0.130725
1764071237938,-0.009774,-0.021991,-0.130114
1764071237946,-0.001833,-0.025045,-0.124006
1764071237954,-0.001222,0.020769,-0.120340
1764071237962,0.003665,0.022602,-0.116064
1764071237970,-0.000611,0.012217,-0.111177
1764071237978,-0.006109,-0.021991,-0.103847
1764071237986,0.007941,-0.045204,-0.100182
1764071237994,0.000000,0.032987,-0.108734
1764071238002,0.007941,0.009163,-0.119730
1764071238010,-0.007941,0.012828,-0.127060
1764071238018,0.000000,-0.023824,-0.132558
1764071238026,0.006720,-0.034208,-0.133779
1764071238034,-0.001222,-0.007330,-0.142942
1764071238042,0.001833,-0.019548,-0.140499
1764071238050,-0.002443,0.017715,-0.129503
1764071238058,0.000000,0.005498,-0.116675
1764071238066,-0.004887,0.007330,-0.112399
1764071238074,0.006109,-0.021991,-0.109956
1764071238082,-0.002443,-0.014050,-0.099571
1764071238090,-0.007941,0.008552,-0.102014
1764071238098,-0.000611,0.000000,-0.103847
1764071238106,0.008552,-0.021380,-0.108734
1764071238114,-0.004887,-0.001833,-0.104458
1764071238122,0.005498,-0.034208,-0.098349
1764071238130,0.012217,-0.028711,-0.102625
1764071238138,0.002443,0.007330,-0.113010
1764071238146,-0.001222,-0.021991,-0.116675
1764071238154,-0.017715,0.015272,-0.117286
1764071238162,-0.002443,-0.015882,-0.112399
1764071238170,-0.002443,0.037263,-0.109956
1764071238178,0.003665,-0.004887,-0.112399
1764071238186,0.004276,-0.018937,-0.119119
1764071238194,0.000611,-0.018326,-0.124006
1764071238202,0.001222,-0.027489,-0.119119
1764071238210,-0.004887,0.007330,-0.121562
1764071238218,0.003054,0.000611,-0.136223
1764071238226,-0.000611,-0.000611,-0.158825
1764071238234,-0.008552,0.008552,-0.182038
1764071238242,-0.003054,-0.015882,-0.192423
1764071238250,-0.006720,0.001833,-0.196088
1764071238258,-0.001833,0.003665,-0.194866
1764071238266,0.002443,-0.001833,-0.200364
1764071238274,-0.001222,-0.000611,-0.197309
1764071238282,-0.003665,-0.004276,-0.199142
1764071238290,-0.006109,-0.001222,-0.196699
1764071238298,0.003054,-0.012828,-0.200975
1764071238306,-0.000611,0.022602,-0.201586
1764071238314,0.010996,-0.004276,-0.206472
1764071238322,-0.010385,0.034208,-0.215025
1764071238330,0.005498,-0.025045,-0.227853
1764071238338,0.001833,0.004887,-0.237627
1764071238346,0.003665,0.006109,-0.240070
1764071238354,0.006720,0.003665,-0.246179
1764071238362,0.000611,-0.000611,-0.248011
1764071238370,0.003054,-0.017104,-0.246790
1764071238378,-0.008552,0.002443,-0.240070
1764071238386,-0.003054,-0.014661,-0.214414
1764071238394,0.005498,0.006720,-0.189979
1764071238402,0.000000,0.044593,-0.183260
1764071238410,0.004276,0.000611,-0.174097
1764071238418,-0.007941,-0.001833,-0.170431
1764071238426,0.004276,-0.025656,-0.174097
1764071238434,0.006720,-0.008552,-0.178984
1764071238442,-0.000611,0.012217,-0.193644
1764071238450,-0.009774,0.018937,-0.203418
1764071238458,0.004276,-0.017104,-0.205862
1764071238466,-0.009163,0.039706,-0.207083
1764071238474,0.012828,-0.035430,-0.198531
1764071238482,0.003054,-0.029932,-0.185092
1764071238490,-0.000611,0.005498,-0.171042
1764071238498,0.004276,0.006720,-0.162490
1764071238506,-0.001222,0.010385,-0.145997
1764071238514,-0.010385,0.038485,-0.132558
1764071238522,0.001833,0.003665,-0.130114
1764071238530,0.000611,-0.001833,-0.128282
1764071238538,0.010996,-0.026267,-0.138056
1764071238546,-0.002443,0.019548,-0.153938
1764071238554,-0.006720,0.005498,-0.163712
1764071238562,0.000000,-0.019548,-0.168599
1764071238570,-0.001222,-0.013439,-0.179594
1764071238578,-0.001222,-0.010385,-0.173486
1764071238586,-0.004887,0.036652,-0.168599
1764071238594,0.014050,-0.016493,-0.163712
1764071238602,0.004276,-0.017715,-0.164323
1764071238610,-0.003054,-0.010996,-0.156382
1764071238618,0.003054,-0.009774,-0.148440
1764071238626,0.003665,-0.010385,-0.144775
1764071238634,0.004887,-0.001222,-0.147829
1764071238642,0.013439,-0.015882,-0.160047
1764071238650,-0.006720,0.010385,-0.162490
1764071238658,0.007941,-0.034819,-0.158214
1764071238666,0.003054,-0.000611,-0.162490
1764071238674,0.009774,-0.026878,-0.158825
1764071238682,-0.006109,0.009163,-0.154549
1764071238690,-0.000611,-0.002443,-0.149051
1764071238698,-0.001833,0.013439,-0.145386
1764071238706,0.004887,0.000000,-0.144775
1764071238714,0.003054,0.008552,-0.144775
1764071238722,-0.004887,0.002443,-0.138056
1764071238730,-0.003665,-0.013439,-0.136223
1764071238738,0.007941,-0.032987,-0.136834
1764071238746,-0.006109,0.022602,-0.150273
1764071238754,-0.001833,0.009163,-0.157603
1764071238762,0.007330,-0.012828,-0.165544
1764071238770,0.007941,0.004276,-0.175929
1764071238778,0.005498,-0.003054,-0.183260
1764071238786,-0.004887,0.009163,-0.193033
1764071238794,0.004887,-0.015882,-0.202807
1764071238802,-0.000611,-0.025045,-0.201586
1764071238810,0.001222,-0.020159,-0.190590
1764071238818,0.010996,-0.020159,-0.182649
1764071238826,0.007941,0.004276,-0.183870
1764071238834,0.010996,-0.002443,-0.195477
1764071238842,0.002443,-0.003054,-0.207083
1764071238850,-0.007330,-0.003054,-0.211970
1764071238858,-0.007941,0.014661,-0.216857
1764071238866,-0.003665,0.028100,-0.217468
1764071238874,0.016493,-0.010996,-0.216857
1764071238882,0.001833,0.012217,-0.221744
1764071238890,-0.012828,0.004276,-0.220522
1764071238898,0.000611,-0.018937,-0.218079
1764071238906,0.000611,0.000000,-0.213192
1764071238914,0.007330,-0.015882,-0.208916
1764071238922,-0.002443,0.010385,-0.211970
1764071238930,-0.006109,0.005498,-0.209527
1764071238938,-0.010385,0.018326,-0.214414
1764071238946,0.000611,0.004276,-0.218079
1764071238954,0.001222,-0.002443,-0.218690
1764071238962,-0.007330,0.012217,-0.222355
1764071238970,-0.003665,0.001222,-0.222355
1764071238978,-0.004887,0.018326,-0.212581
1764071238986,0.010385,-0.009774,-0.208916
1764071238994,0.011606,-0.012217,-0.200975
1764071239002,0.007941,-0.010385,-0.199142
1764071239010,0.003665,-0.012217,-0.186925
1764071239018,0.004887,-0.013439,-0.180816
1764071239026,-0.002443,0.017715,-0.174097
1764071239034,0.003054,-0.000611,-0.163712
1764071239042,0.002443,-0.003665,-0.162490
1764071239050,-0.003665,0.012828,-0.160047
1764071239058,-0.009774,0.025656,-0.163101
1764071239066,0.001833,-0.000611,-0.168599
1764071239074,-0.004887,0.018937,-0.179594
1764071239082,-0.007330,0.009163,-0.182649
1764071239090,-0.005498,0.015272,-0.183260
1764071239098,0.000000,0.003665,-0.189368
1764071239106,0.006720,-0.006720,-0.185092
1764071239114,0.011606,-0.024435,-0.189368
1764071239122,0.000611,-0.009774,-0.192423
1764071239130,-0.009163,0.026267,-0.202807
1764071239138,-0.001222,-0.000611,-0.202196
1764071239146,-0.000611,0.017715,-0.208305
1764071239154,0.003054,0.010996,-0.210749
1764071239162,0.007941,-0.012217,-0.209527
1764071239170,-0.002443,0.006109,-0.210138
1764071239178,0.006720,-0.022602,-0.204640
1764071239186,0.010996,-0.019548,-0.203418
1764071239194,0.006109,-0.005498,-0.206472
1764071239202,0.000000,-0.003054,-0.207694
1764071239210,0.001222,-0.018326,-0.204029
1764071239218,0.005498,-0.003665,-0.194866
1764071239226,0.005498,0.012828,-0.194255
1764071239234,0.007330,-0.017715,-0.186314
1764071239242,-0.005498,0.014050,-0.185092
1764071239250,-0.007941,0.005498,-0.180816
1764071239258,-0.011606,0.011606,-0.178984
1764071239266,0.003665,-0.011606,-0.170431
1764071239274,0.012828,-0.015272,-0.172264
1764071239282,0.005498,0.004276,-0.172264
1764071239290,-0.003665,0.002443,-0.178984
1764071239298,-0.014050,0.006109,-0.179594
1764071239306,-0.007330,0.015272,-0.181427
1764071239314,0.009163,-0.018937,-0.182038
1764071239322,0.001833,0.003665,-0.180816
1764071239330,-0.002443,0.002443,-0.177151
1764071239338,-0.001833,-0.003665,-0.175929
1764071239346,-0.007941,0.000000,-0.174707
1764071239354,0.001222,0.006109,-0.167988
1764071239362,0.017715,-0.030543,-0.160658
1764071239370,0.012828,-0.039706,-0.157603
1764071239378,-0.015882,0.056200,-0.157603
1764071239386,0.006720,-0.003665,-0.165544
1764071239394,-0.003665,0.001222,-0.173486
1764071239402,0.004887,-0.014661,-0.172264
1764071239410,0.006720,-0.004276,-0.175929
1764071239418,0.003054,0.000000,-0.177762
1764071239426,-0.004887,0.000000,-0.180205
1764071239434,0.009163,-0.023824,-0.172875
1764071239442,-0.004276,0.012217,-0.168599
1764071239450,0.004887,0.003054,-0.163101
1764071239458,-0.000611,0.001222,-0.158825
1764071239466,-0.001222,-0.004887,-0.156992
1764071239474,-0.009163,0.014050,-0.153938
1764071239482,-0.003665,0.009163,-0.155160
1764071239490,-0.008552,0.025045,-0.154549
1764071239498,0.003665,0.011606,-0.163712
1764071239506,0.007330,0.004887,-0.171653
1764071239514,-0.006109,0.030543,-0.180205
1764071239522,0.001222,-0.021991,-0.176540
1764071239530,-0.004887,0.009163,-0.171653
1764071239538,0.009774,-0.020159,-0.163101
1764071239546,-0.001222,0.009163,-0.150884
1764071239554,-0.003054,0.031154,-0.140499
1764071239562,0.004276,-0.018326,-0.131336
1764071239570,0.001222,-0.008552,-0.131947
1764071239578,-0.006109,0.017104,-0.130114
1764071239586,-0.006720,0.012828,-0.137445
1764071239594,-0.010996,0.025045,-0.142332
1764071239602,0.008552,0.003665,-0.140499
1764071239610,0.004276,0.012828,-0.144775
1764071239618,-0.009163,-0.000611,-0.142332
1764071239626,-0.009774,0.017715,-0.145997
1764071239634,0.000611,0.000611,-0.146608
1764071239642,0.008552,-0.015272,-0.152716
1764071239650,0.005498,-0.009163,-0.160658
1764071239658,-0.006109,0.007330,-0.154549
1764071239666,-0.008552,-0.011606,-0.148440
1764071239674,-0.000611,-0.025656,-0.128282
1764071239682,0.010996,-0.024435,-0.121562
1764071239690,0.008552,0.001833,-0.120340
1764071239698,0.009774,-0.006109,-0.120340
1764071239706,-0.010385,0.021991,-0.120340
1764071239714,-0.015272,0.006109,-0.117286
1764071239722,0.006720,-0.028711,-0.119119
1764071239730,-0.008552,0.035430,-0.128282
1764071239738,0.010996,-0.019548,-0.134390
1764071239746,-0.001833,0.013439,-0.144164
1764071239754,-0.004887,-0.001222,-0.156382
1764071239762,-0.001222,-0.020769,-0.153938
1764071239770,0.000000,-0.012828,-0.150884
1764071239778,0.003054,0.001222,-0.153938
1764071239786,0.003665,0.009774,-0.163101
1764071239794,0.010996,-0.022602,-0.170431
1764071239802,-0.009774,0.021991,-0.175929
1764071239810,-0.004887,0.000000,-0.181427
1764071239818,-0.001222,0.010385,-0.184481
1764071239826,0.002443,0.007330,-0.187536
1764071239834,0.005498,-0.006109,-0.189368
1764071239842,-0.005498,0.012828,-0.193033
1764071239850,0.004276,-0.010996,-0.196088
1764071239858,-0.003054,0.028100,-0.192423
1764071239866,0.007330,-0.015272,-0.184481
1764071239874,0.000611,-0.002443,-0.188757
1764071239882,0.001833,0.003054,-0.198531
1764071239890,-0.007330,-0.002443,-0.199753
1764071239898,-0.008552,0.011606,-0.189368
1764071239906,0.018326,-0.032987,-0.175929
1764071239914,0.000611,0.028711,-0.176540
1764071239922,0.000000,0.020159,-0.167377
1764071239930,0.004887,-0.017715,-0.161268
1764071239938,-0.002443,0.003054,-0.160658
1764071239946,-0.001833,-0.013439,-0.158825
1764071239954,-0.011606,0.027489,-0.172264
1764071239962,0.006109,-0.025045,-0.177762
1764071239970,0.003665,0.000611,-0.175318
1764071239978,0.001833,0.009163,-0.171042
1764071239986,-0.001222,0.010996,-0.169821
1764071239994,0.003054,-0.018326,-0.165544
1764071240002,-0.006720,0.000611,-0.161268
1764071240010,0.012217,-0.023213,-0.150273
1764071240018,0.006109,-0.004276,-0.165544
1764071240026,0.001222,-0.014050,-0.172264
1764071240034,0.007941,-0.032376,-0.178984
1764071240042,0.006109,0.014050,-0.182649
1764071240050,-0.000611,-0.012828,-0.179594
1764071240058,-0.009163,-0.001222,-0.177151
1764071240066,0.002443,-0.014050,-0.169821
1764071240074,0.000000,0.007941,-0.166155
1764071240082,0.004887,0.013439,-0.161879
1764071240090,-0.003054,0.009163,-0.166155
1764071240098,-0.002443,-0.001222,-0.166155
1764071240106,0.001222,-0.019548,-0.165544
1764071240114,0.000000,0.031765,-0.178373
1764071240122,0.003054,0.017715,-0.183260
1764071240130,0.009774,-0.029322,-0.183260
1764071240138,-0.009163,0.022602,-0.178984
1764071240146,-0.009163,0.021380,-0.169210
1764071240154,-0.015272,0.025656,-0.156992
1764071240162,0.000000,0.015272,-0.135612
1764071240170,0.013439,-0.002443,-0.131336
1764071240178,0.012217,-0.010385,-0.138666
1764071240186,0.003054,-0.034208,-0.138666
1764071240194,-0.006109,-0.002443,-0.139277
1764071240202,0.006720,-0.013439,-0.131947
1764071240210,0.005498,-0.007330,-0.124617
1764071240218,-0.000611,-0.015272,-0.114232
1764071240226,-0.012828,0.032987,-0.114843
1764071240234,-0.001222,0.011606,-0.111177
1764071240242,-0.007941,0.002443,-0.106901
1764071240250,0.000611,0.010385,-0.100182
1764071240258,-0.004887,0.040928,-0.106901
1764071240266,-0.009163,0.017715,-0.099571
1764071240274,0.000000,-0.015882,-0.089797
1764071240282,0.007941,-0.032376,-0.078191
1764071240290,0.003054,-0.015272,-0.073304
1764071240298,0.006720,-0.012828,-0.075136
1764071240306,0.001222,0.014661,-0.079412
1764071240314,0.015882,-0.011606,-0.091630
1764071240322,0.006720,0.004887,-0.100182
1764071240330,-0.004276,-0.005498,-0.097128
1764071240338,0.001222,0.001222,-0.095906
1764071240346,0.005498,0.023213,-0.100793
1764071240354,0.016493,-0.024435,-0.102625
1764071240362,0.001222,0.013439,-0.111177
1764071240370,-0.006109,0.010996,-0.111788
1764071240378,0.000000,-0.001222,-0.109345
1764071240386,0.001833,-0.005498,-0.105069
1764071240394,0.009774,-0.017715,-0.100182
1764071240402,-0.001222,0.018937,-0.106901
1764071240410,0.000000,0.006109,-0.103236
1764071240418,-0.008552,0.009774,-0.105680
1764071240426,0.003054,-0.003665,-0.099571
1764071240434,0.006720,-0.002443,-0.103847
1764071240442,0.003665,0.014050,-0.113010
1764071240450,0.009774,-0.001833,-0.116064
1764071240458,-0.004887,0.007941,-0.127060
1764071240466,0.000000,-0.013439,-0.125838
1764071240474,0.003054,-0.005498,-0.128282
1764071240482,0.003054,0.015882,-0.124006
1764071240490,0.012217,-0.007941,-0.125838
1764071240498,-0.006720,0.048258,-0.131947
1764071240506,0.003665,-0.001833,-0.133169
1764071240514,0.001222,-0.004887,-0.130725
1764071240522,-0.002443,-0.007330,-0.119119
1764071240530,-0.006720,-0.006109,-0.108734
1764071240538,-0.006720,-0.000611,-0.111177
1764071240546,0.002443,0.014050,-0.105680
1764071240554,0.017715,-0.014661,-0.095906
1764071240562,-0.005498,-0.017104,-0.100182
1764071240570,-0.017715,-0.018937,-0.093462
1764071240578,-0.011606,0.005498,-0.084299
1764071240586,-0.000611,0.037874,-0.085521
1764071240594,0.007330,-0.002443,-0.088575
1764071240602,0.001833,0.000611,-0.102014
1764071240610,-0.021380,0.026878,-0.097128
1764071240618,-0.006109,-0.013439,-0.080634
1764071240626,-0.003054,0.004276,-0.072082
1764071240634,0.003054,0.000611,-0.066584
1764071240642,-0.001833,0.000000,-0.068417
1764071240650,-0.006109,0.007330,-0.070250
1764071240658,-0.002443,-0.013439,-0.057421
1764071240666,0.006109,-0.006109,-0.060476
1764071240674,-0.004276,0.011606,-0.073915
1764071240682,-0.003054,0.006109,-0.073915
1764071240690,-0.001222,-0.017104,-0.072693
1764071240698,0.015272,-0.032376,-0.061087
1764071240706,-0.001833,0.001833,-0.056810
1764071240714,0.004887,-0.004276,-0.047037
1764071240722,-0.003665,0.031765,-0.049480
1764071240730,0.009163,-0.014661,-0.048869
1764071240738,0.008552,-0.015882,-0.061087
1764071240746,0.008552,-0.016493,-0.072693
1764071240754,-0.012217,0.025656,-0.089186
1764071240762,0.010996,-0.044593,-0.078802
1764071240770,-0.005498,0.010385,-0.083689
1764071240778,-0.003665,-0.015882,-0.086132
1764071240786,0.006109,-0.003665,-0.079412
1764071240794,-0.004276,0.034819,-0.076358
1764071240802,0.011606,0.011606,-0.065363
1764071240810,0.004887,-0.003054,-0.074526
1764071240818,-0.009774,-0.017104,-0.084299
1764071240826,-0.004887,-0.014661,-0.083078
1764071240834,0.000611,0.012828,-0.086743
1764071240842,0.013439,-0.003054,-0.082467
1764071240850,0.012828,-0.003665,-0.083689
1764071240858,0.001222,0.004887,-0.091630
1764071240866,-0.007941,0.000000,-0.092852
1764071240874,0.002443,0.026878,-0.094684
1764071240882,0.015272,0.031154,-0.103236
1764071240890,0.020159,0.014050,-0.111788
1764071240898,0.015272,-0.007941,-0.122173
1764071240906,-0.003054,-0.004887,-0.137445
1764071240914,0.002443,0.003054,-0.131947
1764071240922,0.014050,0.004276,-0.136834
1764071240930,0.030543,-0.018326,-0.133779
1764071240938,0.004276,0.017715,-0.144164
1764071240946,-0.008552,0.037874,-0.144164
1764071240954,0.013439,-0.032376,-0.133169
1764071240962,-0.003054,-0.012828,-0.125227
1764071240970,-0.013439,0.011606,-0.121562
1764071240978,0.007330,0.006720,-0.113621
1764071240986,0.006109,0.003054,-0.114843
1764071240994,-0.007330,0.012217,-0.122173
1764071241002,-0.009774,0.021991,-0.117897
1764071241010,0.011606,-0.011606,-0.115454
1764071241018,0.026878,-0.021380,-0.117286
1764071241026,-0.003665,0.040317,-0.124617
1764071241034,-0.012828,0.029932,-0.109345
1764071241042,-0.004887,-0.007330,-0.109345
1764071241050,0.004887,-0.006109,-0.105680
1764071241058,0.012217,-0.034819,-0.098960
1764071241066,-0.009163,0.011606,-0.103236
1764071241074,0.014661,-0.028711,-0.093462
1764071241082,0.007330,-0.007330,-0.102014
1764071241090,0.001222,-0.022602,-0.103847
1764071241098,-0.002443,-0.006720,-0.099571
1764071241106,0.009774,-0.007941,-0.084299
1764071241114,0.014050,0.014050,-0.080634
1764071241122,0.006720,0.017715,-0.075747
1764071241130,0.000611,0.006109,-0.076358
1764071241138,0.005498,-0.014661,-0.080634
1764071241146,-0.009774,0.001222,-0.092241
1764071241154,-0.003665,-0.021991,-0.089797
1764071241162,-0.003054,-0.030543,-0.084299
1764071241170,-0.008552,0.026878,-0.080023
1764071241178,0.017104,0.017104,-0.059254
1764071241186,0.025656,0.006109,-0.043982
1764071241194,0.014050,0.035430,-0.040928
1764071241202,0.029322,-0.017715,-0.032987
1764071241210,0.012217,0.001222,-0.027489
1764071241218,-0.001833,0.036652,-0.035430
1764071241226,0.008552,-0.011606,-0.043371
1764071241234,-0.000611,-0.011606,-0.051924
1764071241242,0.007330,-0.025656,-0.044593
1764071241250,-0.006720,-0.001222,-0.041539
1764071241258,-0.013439,0.039706,-0.039095
1764071241266,-0.001833,-0.021380,-0.034819
1764071241274,-0.020159,0.015882,-0.032376
1764071241282,0.004887,-0.023213,-0.027489
1764071241290,0.001222,-0.001222,-0.018326
1764071241298,0.012217,-0.008552,-0.018937
1764071241306,0.000611,0.000611,-0.030543
1764071241314,-0.003665,0.014661,-0.034208
1764071241322,0.003054,-0.021380,-0.034819
1764071241330,0.000000,-0.004276,-0.041539
1764071241338,-0.002443,-0.004887,-0.039095
1764071241346,-0.001833,-0.004887,-0.046426
1764071241354,-0.004887,-0.015882,-0.040928
1764071241362,-0.005498,-0.001833,-0.037874
1764071241370,-0.014050,0.000611,-0.033598
1764071241378,-0.012217,0.031765,-0.026878
1764071241386,0.028100,0.001833,-0.023213
1764071241394,-0.009163,0.032376,-0.017715
1764071241402,0.009163,-0.003054,-0.034208
1764071241410,0.017104,-0.030543,-0.038485
1764071241418,-0.007330,0.011606,-0.028100
1764071241426,0.007941,-0.007330,-0.027489
1764071241434,-0.010385,-0.007941,-0.026267
1764071241442,0.004887,-0.009163,-0.044593
1764071241450,0.007941,-0.008552,-0.063530
1764071241458,-0.004276,0.017715,-0.050091
1764071241466,0.009163,0.002443,-0.047647
1764071241474,-0.011606,-0.001833,-0.060476
1764071241482,0.004276,-0.007330,-0.066584
1764071241490,-0.004276,-0.015272,-0.070860
1764071241498,-0.018937,0.025656,-0.071471
1764071241506,-0.002443,-0.009163,-0.066584
1764071241514,0.006109,-0.005498,-0.043982
1764071241522,0.014661,0.011606,-0.038485
1764071241530,0.018326,0.004887,-0.031154
1764071241538,0.007941,0.006109,-0.031154
1764071241546,-0.006720,-0.004887,-0.017104
1764071241554,0.000000,-0.021380,-0.006720
1764071241562,-0.009163,-0.015882,-0.013439
1764071241570,-0.015272,0.015882,-0.013439
1764071241578,-0.001222,-0.000611,-0.019548
1764071241586,0.015272,-0.007330,-0.021991
1764071241594,0.013439,0.006720,-0.025045
1764071241602,-0.006109,-0.002443,-0.014661
1764071241610,-0.008552,-0.009774,-0.017104
1764071241618,0.000000,-0.040317,-0.014661
1764071241626,-0.001833,-0.005498,-0.023213
1764071241634,0.007330,0.017715,-0.012217
1764071241642,0.014661,0.013439,-0.003665
1764071241650,0.005498,-0.000611,-0.010385
1764071241658,-0.006720,-0.020159,-0.015272
1764071241666,-0.017715,-0.003054,-0.025045
1764071241674,0.004887,0.000000,-0.018326
1764071241682,0.010996,0.012828,-0.015882
1764071241690,0.012828,0.014661,-0.034819
1764071241698,0.005498,-0.009774,-0.044593
1764071241706,0.009163,0.004276,-0.051924
1764071241714,-0.004887,-0.034208,-0.048258
1764071241722,0.000611,0.015882,-0.031154
1764071241730,0.009163,-0.005498,-0.014661
1764071241738,0.006109,0.006720,-0.015272
1764071241746,0.011606,0.018937,-0.024435
1764071241754,-0.002443,-0.023213,-0.027489
1764071241762,-0.004887,0.019548,-0.025045
1764071241770,-0.003054,-0.015272,-0.013439
1764071241778,-0.006109,-0.006720,-0.001222
1764071241786,-0.001222,0.004276,0.000611
1764071241794,0.005498,-0.000611,0.007941
1764071241802,0.001222,0.006109,0.000611
1764071241810,0.005498,-0.010385,0.007941
1764071241818,0.007330,0.003054,0.010385
1764071241826,0.008552,0.023213,-0.002443
1764071241834,-0.000611,-0.014661,-0.006720
1764071241842,-0.007941,0.020159,-0.009163
1764071241850,-0.003665,0.002443,-0.004276
1764071241858,-0.002443,-0.023213,0.008552
1764071241866,-0.004276,0.007941,0.015272
1764071241874,-0.003665,-0.008552,0.018326
1764071241882,0.006109,0.008552,0.010996
1764071241890,0.009774,0.004887,0.021380
1764071241898,-0.004887,0.023824,0.029322
1764071241906,-0.004276,-0.016493,0.040317
1764071241914,-0.002443,-0.012828,0.034819
1764071241922,0.002443,0.007941,0.019548
1764071241930,0.006109,0.010385,0.010996
1764071241938,-0.002443,-0.006720,0.009163
1764071241946,-0.005498,0.000000,0.007941
1764071241954,0.001222,0.003665,0.009774
1764071241962,-0.006109,-0.004887,0.009774
1764071241970,0.003054,-0.003054,0.012828
1764071241978,-0.002443,0.006109,0.018326
1764071241986,-0.005498,-0.013439,0.035430
1764071241994,-0.001833,0.005498,0.034208
1764071242002,0.004887,0.008552,0.026267
1764071242010,0.003054,-0.007941,0.022602
1764071242018,-0.001222,0.006720,0.028711
1764071242026,-0.001222,0.000000,0.020769
1764071242034,-0.003665,0.001222,0.006720
1764071242042,0.000611,0.004276,-0.004276
1764071242050,0.006109,0.007330,-0.011606
1764071242058,0.003054,0.004887,-0.020769
1764071242066,-0.000611,0.004887,-0.036652
1764071242074,-0.004887,0.005498,-0.028711
1764071242082,-0.002443,-0.007330,-0.006109
1764071242090,0.002443,-0.003054,0.017715
1764071242098,0.001222,0.006720,0.020159
1764071242106,0.003054,0.004887,0.028100
1764071242114,0.000611,0.015882,0.032987
1764071242122,0.000611,-0.003054,0.028100
1764071242130,0.000611,-0.006720,0.025656
1764071242138,0.008552,0.005498,0.023824
1764071242146,-0.000611,0.009774,0.018937
1764071242154,-0.003054,0.011606,0.003054
1764071242162,0.001222,-0.004887,0.003054
1764071242170,-0.003054,0.008552,0.007330
1764071242178,0.000611,-0.007941,0.016493
1764071242186,-0.001833,0.008552,0.031154
1764071242194,-0.002443,0.014050,0.050091
1764071242202,-0.002443,0.009163,0.060476
1764071242210,-0.000611,-0.006720,0.062308
1764071242218,-0.001222,0.012828,0.055589
1764071242226,-0.001833,-0.007330,0.056810
1764071242234,0.000611,-0.003665,0.058032
1764071242242,0.005498,-0.009774,0.065363
1764071242250,-0.002443,0.011606,0.042150
1764071242258,0.001833,0.003054,0.036041
1764071242266,0.002443,-0.001222,0.032376
1764071242274,-0.003054,-0.012217,0.028711
1764071242282,-0.004276,-0.006109,0.031154
1764071242290,0.004887,0.001222,0.045204
1764071242298,-0.003665,0.004887,0.059865
1764071242306,-0.006720,0.001222,0.065363
1764071242314,0.003054,-0.013439,0.087965
1764071242322,0.001222,-0.005498,0.099571
1764071242330,-0.001222,0.028100,0.103236
1764071242338,0.007941,-0.011606,0.099571
1764071242346,-0.007330,-0.007330,0.070860
1764071242354,-0.009774,-0.013439,0.061697
1764071242362,0.000000,-0.001833,0.059254
1764071242370,0.005498,0.020159,0.064752
1764071242378,0.006109,0.004276,0.071471
1764071242386,-0.007941,-0.004887,0.075136
1764071242394,-0.008552,0.006109,0.073304
1764071242402,0.000611,-0.013439,0.069639
1764071242410,0.005498,0.004276,0.067806
1764071242418,0.001833,-0.003054,0.065973
1764071242426,-0.003665,-0.009774,0.065973
1764071242434,-0.003054,-0.008552,0.071471
1764071242442,-0.004276,-0.012217,0.073915
1764071242450,-0.004276,0.014050,0.085521
1764071242458,0.004887,0.001833,0.098349
1764071242466,0.000611,0.021991,0.103847
1764071242474,0.000000,-0.003054,0.095906
1764071242482,-0.002443,-0.011606,0.078802
1764071242490,-0.004276,-0.005498,0.054367
1764071242498,-0.002443,-0.003665,0.050702
1764071242506,-0.000611,0.008552,0.056810
1764071242514,-0.005498,0.009774,0.073915
1764071242522,-0.003665,-0.026878,0.081856
1764071242530,-0.011606,0.004887,0.076969
1764071242538,0.000611,-0.006109,0.084910
1764071242546,0.003054,0.012217,0.095906
1764071242554,0.009163,-0.018326,0.112399
1764071242562,-0.004276,-0.004887,0.124006
1764071242570,-0.009774,-0.014050,0.141110
1764071242578,-0.006109,-0.009163,0.141110
1764071242586,-0.003665,0.023213,0.133779
1764071242594,0.006720,0.010385,0.131336
1764071242602,-0.008552,-0.003054,0.123395
1764071242610,-0.008552,-0.016493,0.122173
1764071242618,-0.009163,0.007330,0.118508
1764071242626,0.001833,0.001222,0.122173
1764071242634,-0.006109,0.017104,0.139277
1764071242642,0.004887,-0.015882,0.160047
1764071242650,0.001833,0.012217,0.167988
1764071242658,-0.004276,0.020159,0.169210
1764071242666,0.000000,-0.012217,0.179594
1764071242674,-0.001833,-0.010996,0.175318
1764071242682,-0.004887,0.016493,0.182038
1764071242690,0.004887,-0.024435,0.182038
1764071242698,-0.006720,0.015272,0.165544
1764071242706,0.002443,0.000611,0.152716
1764071242714,-0.000611,0.006720,0.136223
1764071242722,-0.003054,0.016493,0.129503
1764071242730,-0.002443,-0.001222,0.116675
1764071242738,-0.005498,0.007330,0.111177
1764071242746,-0.003665,0.006720,0.103847
1764071242754,-0.004276,-0.006109,0.113010
1764071242762,-0.004887,0.001833,0.122784
1764071242770,-0.001222,0.011606,0.138056
1764071242778,0.000000,0.012828,0.146608
1764071242786,-0.009163,0.022602,0.148440
1764071242794,0.001222,-0.020159,0.139277
1764071242802,-0.000611,-0.029322,0.127060
1764071242810,0.004887,-0.003665,0.124006
1764071242818,0.005498,0.006109,0.119119
1764071242826,-0.001833,-0.006109,0.118508
1764071242834,-0.012217,-0.002443,0.122173
1764071242842,-0.007330,0.002443,0.122784
1764071242850,0.000611,-0.004276,0.127671
1764071242858,-0.012217,0.014050,0.134390
1764071242866,-0.007941,-0.008552,0.157603
1764071242874,-0.005498,0.010385,0.164934
1764071242882,0.000611,-0.013439,0.174097
1764071242890,-0.007330,0.019548,0.182649
1764071242898,0.006109,-0.035430,0.188147
1764071242906,-0.010996,0.028100,0.183260
1764071242914,0.001222,-0.014050,0.169210
1764071242922,0.000000,-0.014661,0.153938
1764071242930,-0.000611,-0.004887,0.147829
1764071242938,-0.009774,0.021991,0.139277
1764071242946,-0.008552,0.004276,0.135001
1764071242954,-0.009163,0.002443,0.135001
1764071242962,-0.000611,-0.008552,0.123395
1764071242970,-0.005498,0.006109,0.122784
1764071242978,0.001222,-0.019548,0.131947
1764071242986,-0.002443,0.006109,0.145386
1764071242994,-0.005498,0.004887,0.148440
1764071243002,-0.006109,-0.023213,0.139277
1764071243010,-0.007330,-0.003665,0.124617
1764071243018,0.005498,-0.010996,0.117286
1764071243026,-0.002443,0.029322,0.130725
1764071243034,0.006720,-0.005498,0.144164
1764071243042,-0.000611,-0.015882,0.152105
1764071243050,-0.021380,0.018937,0.164323
1764071243058,0.004887,-0.036652,0.166155
1764071243066,0.001222,0.016493,0.162490
1764071243074,-0.004887,0.034819,0.166155
1764071243082,-0.003665,-0.009774,0.165544
1764071243090,-0.005498,-0.014661,0.164934
1764071243098,0.001222,-0.024435,0.155771
1764071243106,-0.008552,0.036652,0.146608
1764071243114,0.001833,-0.004887,0.154549
1764071243122,-0.007941,0.005498,0.160658
1764071243130,-0.015882,0.007330,0.162490
1764071243138,-0.009774,0.012217,0.162490
1764071243146,0.009163,-0.003054,0.182038
1764071243154,0.004276,0.006720,0.200975
1764071243162,-0.010996,0.014050,0.218690
1764071243170,-0.001222,-0.011606,0.227853
1764071243178,0.000611,-0.000611,0.239459
1764071243186,-0.003054,0.018937,0.246790
1764071243194,-0.000611,0.006109,0.243124
1764071243202,-0.004276,0.006109,0.244346
1764071243210,-0.011606,0.017104,0.250455
1764071243218,-0.005498,0.005498,0.257785
1764071243226,0.006720,-0.006109,0.273057
1764071243234,-0.003665,0.015882,0.292604
1764071243242,-0.000611,0.003665,0.307265
1764071243250,0.002443,-0.007330,0.313374
1764071243258,0.001833,-0.008552,0.313374
1764071243266,-0.003054,0.013439,0.313374
1764071243274,-0.003054,-0.014661,0.308487
1764071243282,-0.006109,0.006720,0.313985
1764071243290,-0.003665,0.010996,0.321926
1764071243298,-0.010385,0.014050,0.320093
1764071243306,-0.012217,0.001833,0.307265
1764071243314,0.001222,-0.007941,0.308487
1764071243322,0.010996,-0.014050,0.314596
1764071243330,-0.002443,0.012217,0.333532
1764071243338,-0.006109,0.012217,0.342695
1764071243346,-0.001222,-0.011606,0.341474
1764071243354,-0.002443,-0.007330,0.335365
1764071243362,-0.010385,0.009163,0.332311
1764071243370,-0.003665,-0.000611,0.318872
1764071243378,-0.004887,0.016493,0.308487
1764071243386,-0.002443,-0.001222,0.298713
1764071243394,-0.002443,-0.020159,0.286496
1764071243402,-0.017715,0.023213,0.280998
1764071243410,-0.006720,0.001833,0.278555
1764071243418,-0.006720,-0.004887,0.284663
1764071243426,-0.007941,0.036652,0.309709
1764071243434,0.008552,-0.014661,0.313374
1764071243441,-0.005498,0.001222,0.328645
1764071243449,-0.003665,-0.001222,0.342695
1764071243457,-0.008552,0.003054,0.335976
1764071243465,0.000611,-0.022602,0.325591
1764071243473,-0.004887,0.017715,0.331089
1764071243481,-0.009774,0.023213,0.326202
1764071243489,0.001833,-0.014661,0.312152
1764071243497,-0.007941,0.013439,0.309098
1764071243505,-0.014661,0.027489,0.310930
1764071243513,0.000611,-0.015882,0.313374
1764071243521,0.003665,-0.015882,0.312763
1764071243529,-0.007330,0.024435,0.318872
1764071243537,0.000611,-0.009774,0.324369
1764071243545,-0.008552,0.012217,0.326813
1764071243553,0.004887,-0.029322,0.312152
1764071243561,-0.006720,0.009774,0.296881
1764071243569,-0.004887,0.011606,0.284663
1764071243577,-0.003054,0.003665,0.282220
1764071243585,-0.003665,0.004887,0.279165
1764071243593,0.002443,-0.021991,0.268781
1764071243601,-0.006720,0.018326,0.266948
1764071243609,0.003054,-0.008552,0.274889
1764071243617,-0.009774,0.003054,0.292604
1764071243625,0.000000,-0.008552,0.306043
1764071243633,0.005498,-0.013439,0.319483
1764071243641,0.005498,-0.001833,0.328645
1764071243649,0.003054,-0.000611,0.329867
1764071243657,0.001833,0.004887,0.333532
1764071243665,-0.001222,-0.001222,0.336587
1764071243673,-0.004887,-0.013439,0.334754
1764071243681,-0.003665,0.003665,0.317039
1764071243689,-0.003665,0.009163,0.313985
1764071243697,-0.006720,0.025045,0.320093
1764071243705,-0.004276,-0.004276,0.317039
1764071243713,-0.009774,0.001222,0.324369
1764071243721,0.001222,-0.009163,0.326202
1764071243729,0.003054,0.004276,0.328035
1764071243737,-0.003054,-0.005498,0.330478
1764071243745,-0.007330,-0.003054,0.331700
1764071243753,-0.006720,0.012828,0.342695
1764071243761,0.000000,0.008552,0.346971
1764071243769,0.000000,0.001222,0.340252
1764071243777,0.002443,0.003054,0.330478
1764071243785,-0.014050,0.000000,0.321926
1764071243793,-0.008552,0.001222,0.310320
1764071243801,-0.001833,0.032376,0.298713
1764071243809,0.003665,0.009163,0.297491
1764071243817,-0.013439,0.010385,0.298102
1764071243825,-0.005498,-0.025656,0.291383
1764071243833,-0.001222,0.003054,0.292604
1764071243841,0.003665,0.012217,0.301767
1764071243849,-0.009163,0.036652,0.311541
1764071243857,0.002443,-0.023824,0.314596
1764071243865,-0.002443,-0.022602,0.313374
1764071243873,-0.009774,-0.004887,0.307876
1764071243881,-0.001833,-0.002443,0.310930
1764071243889,0.005498,-0.010996,0.312763
1764071243897,0.001222,-0.011606,0.309098
1764071243905,-0.001222,0.004887,0.310320
1764071243913,0.001833,-0.018937,0.296270
1764071243921,-0.006109,0.001222,0.299324
1764071243929,-0.004887,0.010385,0.298713
1764071243937,0.006720,-0.004887,0.294437
1764071243945,0.003665,-0.005498,0.293215
1764071243953,-0.001833,-0.010385,0.296270
1764071243961,-0.008552,-0.007941,0.291383
1764071243969,-0.003665,0.001833,0.291994
1764071243977,0.007941,-0.001222,0.288328
1764071243985,0.008552,0.002443,0.296881
1764071243993,-0.006720,0.015272,0.302378
1764071244001,-0.006720,-0.017104,0.296270
1764071244009,-0.007941,0.006109,0.285885
1764071244017,0.001833,0.011606,0.273668
1764071244025,0.003054,0.009163,0.273057
1764071244033,-0.006109,0.009163,0.269392
1764071244041,-0.014661,0.012828,0.259618
1764071244049,-0.003054,-0.004276,0.246179
1764071244057,-0.003665,0.010385,0.249233
1764071244065,-0.000611,-0.004887,0.249233
1764071244073,0.000611,0.001222,0.241292
1764071244081,-0.003665,0.008552,0.236405
1764071244089,-0.013439,0.017715,0.238237
1764071244097,-0.002443,-0.016493,0.230907
1764071244105,-0.000611,-0.003665,0.228464
1764071244113,-0.001833,0.019548,0.228464
1764071244121,-0.003054,0.007941,0.243735
1764071244129,-0.008552,0.006720,0.249233
1764071244137,0.004276,-0.023824,0.251066
1764071244145,0.002443,-0.002443,0.251676
1764071244153,-0.005498,0.023213,0.256563
1764071244161,0.006720,-0.016493,0.251066
1764071244169,-0.006720,0.017104,0.252898
1764071244177,0.007941,-0.012828,0.255953
1764071244185,0.001833,-0.012217,0.257785
1764071244193,-0.003054,-0.000611,0.265726
1764071244201,-0.005498,-0.004887,0.263894
1764071244209,0.000000,0.003054,0.263283
1764071244217,0.004887,0.003665,0.263283
1764071244225,0.004887,0.000611,0.263283
1764071244233,-0.005498,-0.001222,0.271224
1764071244241,-0.014050,0.023213,0.277944
1764071244249,0.003054,-0.015272,0.271224
1764071244257,-0.003665,0.008552,0.271835
1764071244265,-0.003665,0.006109,0.266948
1764071244273,0.001222,-0.010996,0.270002
1764071244281,-0.007941,-0.007330,0.269392
1764071244289,0.000611,-0.024435,0.266337
1764071244297,-0.001222,-0.006720,0.268170
1764071244305,-0.001833,0.006109,0.271224
1764071244313,-0.000611,-0.011606,0.277333
1764071244321,-0.009774,0.001222,0.284663
1764071244329,-0.001833,0.006109,0.287718
1764071244337,0.006109,-0.000611,0.290772
1764071244345,-0.007330,0.016493,0.290772
1764071244353,-0.000611,-0.006109,0.292604
1764071244361,-0.006109,-0.011606,0.288939
1764071244369,-0.004276,0.009163,0.290772
1764071244377,0.008552,0.000611,0.290772
1764071244385,-0.001222,0.017715,0.286496
1764071244393,-0.012217,0.001222,0.274278
1764071244401,-0.004887,-0.015272,0.263894
1764071244409,-0.009163,0.002443,0.259007
1764071244417,-0.015272,0.028711,0.251066
1764071244425,-0.002443,-0.000611,0.245568
1764071244433,0.000611,0.005498,0.233961
1764071244441,0.000000,-0.003054,0.226631
1764071244449,-0.003054,0.004887,0.212581
1764071244457,-0.006109,0.017715,0.208916
1764071244465,0.004276,-0.018326,0.205251
1764071244473,-0.009163,0.008552,0.209527
1764071244481,-0.004887,-0.003054,0.216857
1764071244489,0.000000,-0.001833,0.218690
1764071244497,0.000611,0.009163,0.218079
1764071244505,0.001222,-0.011606,0.207694
1764071244513,-0.010996,0.017715,0.210138
1764071244521,-0.004887,-0.004276,0.197309
1764071244529,-0.001222,-0.001833,0.188757
1764071244537,0.006720,-0.005498,0.174097
1764071244545,0.001222,-0.003054,0.158214
1764071244553,-0.010385,0.025656,0.153938
1764071244561,-0.005498,-0.004887,0.141110
1764071244569,-0.009163,0.000000,0.130725
1764071244577,0.003665,0.008552,0.124617
1764071244585,0.001222,0.028100,0.134390
1764071244593,-0.010996,0.014050,0.146608
1764071244601,-0.005498,-0.023213,0.155771
1764071244609,-0.001833,-0.008552,0.167377
1764071244617,0.001222,0.008552,0.187536
1764071244625,0.003665,-0.020769,0.193644
1764071244633,-0.005498,0.015272,0.204640
1764071244641,0.003665,0.001833,0.191812
1764071244649,0.007330,-0.002443,0.185703
1764071244657,0.002443,-0.017715,0.179594
1764071244665,-0.015882,0.008552,0.171042
1764071244673,-0.001222,-0.025045,0.142942
1764071244681,-0.003054,0.001833,0.119119
1764071244689,0.000000,0.012828,0.094684
1764071244697,-0.006109,0.018326,0.081245
1764071244705,-0.001833,-0.007330,0.068417
1764071244713,-0.013439,0.006109,0.070860
1764071244721,0.001222,-0.021380,0.064141
1764071244729,-0.003054,0.002443,0.075747
1764071244737,-0.001222,0.009163,0.105680
1764071244745,0.001833,-0.026878,0.127060
1764071244753,-0.001222,0.009774,0.148440
1764071244761,-0.006109,0.023213,0.148440
1764071244769,0.001833,-0.010385,0.133169
1764071244777,0.001833,0.006720,0.119119
1764071244785,-0.003054,0.005498,0.098349
1764071244793,0.001833,-0.000611,0.087354
1764071244801,-0.007330,0.015272,0.078191
1764071244809,-0.012217,-0.007941,0.055589
1764071244817,-0.003054,-0.003054,0.048258
1764071244825,0.001222,0.013439,0.048869
1764071244833,0.000611,0.002443,0.053756
1764071244841,-0.008552,0.006720,0.065363
1764071244849,0.000000,-0.004276,0.067806
1764071244857,0.000000,0.000611,0.079412
1764071244865,0.002443,0.000611,0.092852
1764071244873,0.001222,-0.002443,0.100182
1764071244881,0.005498,0.001833,0.100793
1764071244889,0.003054,0.001833,0.094684
1764071244897,0.001222,-0.011606,0.094684
1764071244905,-0.004887,0.001833,0.090408
1764071244913,0.003054,-0.015882,0.094073
1764071244921,0.001222,0.004887,0.097738
1764071244929,-0.001222,0.009774,0.114232
1764071244937,-0.002443,-0.023213,0.117897
1764071244945,-0.007330,0.004887,0.123395
1764071244953,0.003054,0.012217,0.137445
1764071244961,-0.000611,0.005498,0.136834
1764071244969,-0.005498,-0.006109,0.132558
1764071244977,-0.004887,-0.008552,0.122784
1764071244985,-0.008552,-0.001833,0.109345
1764071244993,0.000611,-0.012217,0.084910
1764071245001,-0.001222,0.036041,0.065973
1764071245009,0.001833,-0.009774,0.045204
1764071245017,-0.002443,0.009774,0.024435
1764071245025,-0.004887,0.003665,0.004276
1764071245033,-0.001833,-0.024435,-0.017715
1764071245041,-0.003665,0.000611,-0.016493
1764071245049,-0.006109,0.025656,-0.006109
1764071245057,0.001833,-0.020159,0.000000
1764071245065,-0.009163,-0.001222,0.016493
1764071245073,0.009774,-0.011606,0.029322
1764071245081,0.010996,0.023213,0.057421
1764071245089,0.007330,-0.000611,0.078802
1764071245097,-0.013439,0.020159,0.094684
1764071245105,-0.005498,-0.037263,0.090408
1764071245113,-0.004887,0.014050,0.084910
1764071245121,0.014661,0.018937,0.083078
1764071245129,0.001222,0.006720,0.072082
1764071245137,-0.012217,-0.010996,0.064752
1764071245145,-0.015882,-0.012217,0.054978
1764071245153,0.002443,-0.009774,0.037263
1764071245161,0.004887,-0.006720,0.025045
1764071245169,-0.007330,0.016493,0.026267
1764071245177,-0.003665,0.001222,0.022602
1764071245185,0.006109,-0.014050,0.026267
1764071245193,-0.007330,-0.003054,0.048869
1764071245201,0.000000,-0.018937,0.053756
1764071245209,-0.003054,-0.011606,0.066584
1764071245217,-0.001833,-0.001222,0.080023
1764071245225,-0.012828,0.004887,0.091630
1764071245233,-0.010385,-0.025656,0.089797
1764071245241,-0.007941,-0.001833,0.091019
1764071245249,0.006109,0.017104,0.090408
1764071245257,-0.009163,0.015272,0.093462
1764071245265,-0.008552,-0.014050,0.086743
1764071245273,-0.012217,-0.003054,0.076969
1764071245281,0.001222,-0.004887,0.070250
1764071245289,0.003054,0.002443,0.072082
1764071245297,0.000611,-0.005498,0.071471
1764071245305,-0.011606,0.009774,0.078802
1764071245313,0.001833,-0.021380,0.077580
1764071245321,-0.005498,-0.004887,0.087965
1764071245329,-0.001222,-0.004887,0.089797
1764071245337,0.004887,0.014050,0.097738
1764071245345,0.007330,-0.024435,0.097128
1764071245353,-0.005498,0.010996,0.105680
1764071245361,-0.001222,-0.015882,0.106901
1764071245369,0.002443,0.006109,0.111177
1764071245377,-0.002443,0.008552,0.103847
1764071245385,-0.009163,0.020769,0.094073
1764071245393,-0.001833,0.005498,0.078191
1764071245401,0.005498,0.001833,0.073304
1764071245409,0.014661,-0.026267,0.065973
1764071245417,-0.003665,0.008552,0.065973
1764071245425,-0.004276,-0.016493,0.045815
1764071245433,-0.001833,0.006720,0.036652
1764071245441,-0.004887,0.007941,0.041539
1764071245449,-0.012828,-0.009163,0.051924
1764071245457,-0.009774,-0.012828,0.062919
1764071245465,-0.009774,0.010996,0.065973
1764071245473,0.000000,-0.004887,0.062308
1764071245481,-0.004887,0.014050,0.064141
1764071245490,-0.002443,-0.028711,0.049480
1764071245498,-0.000611,-0.006109,0.046426
1764071245506,0.010996,0.002443,0.039706
1764071245514,0.007330,0.000000,0.035430
1764071245522,-0.020159,0.016493,0.037263
1764071245530,-0.004887,-0.029932,0.034819
1764071245538,0.001222,0.004887,0.040317
1764071245546,0.001833,0.000000,0.037263
1764071245554,-0.002443,0.007330,0.033598
1764071245562,-0.001833,-0.000611,0.030543
1764071245570,-0.012217,0.006720,0.033598
1764071245578,-0.003054,-0.009163,0.026267
1764071245586,0.009774,-0.004887,0.026267
1764071245594,0.017715,-0.031765,0.011606
1764071245602,0.002443,0.003054,0.001222
1764071245610,-0.014050,0.017104,-0.001833
1764071245618,-0.010385,-0.012217,-0.010996
1764071245626,-0.014050,0.029322,0.000000
1764071245634,-0.006109,-0.012217,0.006109
1764071245642,0.000000,-0.011606,0.006720
1764071245650,0.004276,0.000611,0.015272
1764071245658,-0.001222,-0.002443,0.018326
1764071245666,-0.008552,-0.014050,0.031154
1764071245674,0.007941,-0.026267,0.028711
1764071245682,0.005498,0.017104,0.034819
1764071245690,-0.001833,-0.018326,0.022602
1764071245698,-0.006720,-0.005498,0.023824
1764071245706,-0.011606,0.014661,0.027489
1764071245714,-0.011606,0.006720,0.025656
1764071245722,0.001222,-0.015882,0.023824
1764071245730,0.006720,0.017104,0.034208
1764071245738,-0.007330,0.017104,0.044593
1764071245746,-0.005498,-0.017104,0.047647
1764071245754,0.004276,-0.028100,0.052534
1764071245762,-0.001222,0.033598,0.069028
1764071245770,-0.010996,-0.001222,0.074526
1764071245778,-0.018326,-0.006720,0.067806
1764071245786,-0.014050,0.000611,0.064141
1764071245794,0.010996,0.009774,0.058032
1764071245802,0.009774,0.012828,0.054978
1764071245810,0.001222,-0.001833,0.051924
1764071245818,-0.011606,0.010385,0.050091
1764071245826,-0.004887,-0.017715,0.037263
1764071245834,-0.008552,0.011606,0.026878
1764071245842,-0.006109,-0.003665,0.017104
1764071245850,-0.018326,0.018937,0.029932
1764071245858,-0.018326,0.025045,0.027489
1764071245866,0.004276,-0.019548,0.021991
1764071245874,0.017104,-0.015882,0.038485
1764071245882,0.011606,0.004276,0.048258
1764071245890,0.006720,-0.018937,0.048258
1764071245898,-0.007941,0.028100,0.050702
1764071245906,0.007330,0.001833,0.049480
1764071245914,-0.002443,0.015272,0.064752
1764071245922,-0.004887,-0.002443,0.057421
1764071245930,-0.004887,-0.011606,0.050091
1764071245938,0.007330,-0.009774,0.029322
1764071245946,-0.000611,0.013439,0.017715
1764071245954,-0.005498,-0.010996,0.004887
1764071245962,0.001222,-0.014050,-0.001833
1764071245970,0.000611,0.005498,-0.004887
1764071245978,0.003054,-0.004887,0.000000
1764071245986,0.000611,0.017715,0.002443
1764071245994,0.001833,-0.008552,-0.001833
1764071246002,-0.003054,-0.029322,0.001833
1764071246010,-0.009774,-0.018937,0.023824
1764071246018,0.000000,-0.010996,0.063530
1764071246026,-0.003665,-0.010996,0.094684
1764071246034,0.001222,0.013439,0.125838
1764071246042,0.005498,-0.011606,0.141110
1764071246050,-0.002443,0.000611,0.158825
1764071246058,0.006109,-0.020159,0.160047
1764071246066,-0.010996,0.027489,0.167988
1764071246074,-0.009774,0.003665,0.144775
1764071246082,-0.007330,0.002443,0.116064
1764071246090,-0.000611,-0.011606,0.100793
1764071246098,-0.001833,-0.012217,0.087354
1764071246106,0.002443,0.007941,0.083078
1764071246114,-0.005498,-0.009163,0.082467
1764071246122,-0.015272,-0.006720,0.081245
1764071246130,-0.006720,-0.007330,0.089186
1764071246138,0.006109,-0.034819,0.096517
1764071246146,-0.007941,0.024435,0.113010
1764071246154,0.004887,-0.002443,0.120951
1764071246162,-0.009163,0.005498,0.146608
1764071246170,-0.017104,-0.004276,0.153938
1764071246178,0.014050,-0.017715,0.142332
1764071246186,0.004887,0.036652,0.141110
1764071246194,0.006720,0.012828,0.131336
1764071246202,0.001833,-0.029932,0.119119
1764071246210,-0.010996,-0.000611,0.111788
1764071246218,0.006109,-0.011606,0.102625
1764071246226,0.007941,-0.014050,0.096517
1764071246234,-0.007941,0.025045,0.109345
1764071246242,-0.004887,-0.003665,0.119119
1764071246250,-0.020159,0.003054,0.129503
1764071246258,-0.003665,0.007941,0.138056
1764071246266,0.010385,0.017715,0.154549
1764071246274,0.009774,0.009163,0.165544
1764071246282,-0.008552,-0.002443,0.180205
1764071246290,-0.005498,-0.023824,0.177762
1764071246298,-0.000611,0.010996,0.174707
1764071246306,0.009774,0.007941,0.164934
1764071246314,0.000611,0.017715,0.161879
1764071246322,-0.006720,-0.011606,0.150273
1764071246330,-0.015272,-0.004276,0.143553
1764071246338,-0.001833,0.008552,0.130725
1764071246346,0.000000,0.002443,0.120951
1764071246354,-0.011606,0.009163,0.125838
1764071246362,-0.006109,-0.015272,0.130725
1764071246370,-0.001222,0.002443,0.133169
1764071246378,0.005498,-0.011606,0.131947
1764071246386,-0.002443,0.006720,0.134390
1764071246394,0.002443,-0.011606,0.122173
1764071246402,-0.001222,0.007330,0.115454
1764071246410,0.000000,-0.000611,0.102014
1764071246418,-0.011606,0.015882,0.098960
1764071246426,-0.003665,0.006109,0.080634
1764071246434,-0.001222,0.001222,0.079412
1764071246442,-0.006109,-0.000611,0.075747
1764071246450,-0.010996,0.001833,0.093462
1764071246458,0.003665,-0.012217,0.114232
1764071246466,0.006720,0.002443,0.125227
1764071246474,0.001833,-0.005498,0.125838
1764071246482,-0.012217,-0.007330,0.112399
1764071246490,-0.010385,-0.003665,0.096517
1764071246498,0.002443,-0.009774,0.081245
1764071246506,-0.001222,0.023213,0.083689
1764071246514,-0.006720,0.037263,0.087354
1764071246522,-0.001833,-0.003054,0.073304
1764071246530,-0.003665,-0.006109,0.066584
1764071246538,-0.011606,0.011606,0.059254
1764071246546,0.004276,0.010996,0.068417
1764071246554,-0.006109,0.034819,0.084299
1764071246562,-0.004276,-0.002443,0.073304
1764071246570,-0.003665,-0.005498,0.083689
1764071246578,-0.006109,-0.009163,0.086132
1764071246586,0.001833,0.006720,0.088575
1764071246594,0.008552,0.007941,0.098960
1764071246602,-0.001222,-0.009774,0.109956
1764071246610,-0.009163,-0.015882,0.115454
1764071246618,0.004276,0.007330,0.113621
1764071246626,0.007330,0.015882,0.106901
1764071246634,-0.001833,0.010996,0.098960
1764071246642,-0.006720,-0.004887,0.088575
1764071246650,0.003665,-0.012828,0.079412
1764071246658,0.000611,-0.001222,0.089797
1764071246666,0.004887,-0.000611,0.103236
1764071246674,0.001222,0.007941,0.119119
1764071246682,-0.001833,-0.004887,0.134390
1764071246690,-0.003665,0.004887,0.144775
1764071246698,0.000611,-0.006720,0.151495
1764071246706,0.000000,-0.006720,0.150273
1764071246714,-0.001222,0.012217,0.141110
1764071246722,0.005498,0.002443,0.136223
1764071246730,-0.007330,0.015272,0.143553
1764071246738,-0.007330,-0.008552,0.133779
1764071246746,-0.007941,0.012828,0.130725
1764071246754,0.003054,-0.011606,0.131336
1764071246762,0.005498,-0.004887,0.153327
1764071246770,0.003665,-0.009163,0.170431
1764071246778,-0.007941,0.004887,0.175929
1764071246786,0.000611,0.009163,0.179594
1764071246794,0.009163,-0.019548,0.176540
1764071246802,-0.012828,0.032376,0.186925
1764071246810,-0.003054,-0.015272,0.188757
1764071246818,0.001222,0.000611,0.191201
1764071246826,-0.004276,0.009774,0.183870
1764071246834,-0.008552,0.000000,0.177762
1764071246842,0.001833,-0.021380,0.167377
1764071246850,-0.010385,0.014050,0.172264
1764071246858,0.000000,-0.012828,0.176540
1764071246866,0.010996,-0.009163,0.181427
1764071246874,0.000611,0.005498,0.187536
1764071246882,-0.004276,-0.002443,0.188757
1764071246890,-0.004276,-0.004276,0.193644
1764071246898,-0.002443,0.012217,0.194866
1764071246906,-0.001833,-0.004276,0.194866
1764071246914,0.006109,-0.012828,0.189979
1764071246922,0.002443,0.000000,0.186925
1764071246930,0.006109,-0.003054,0.181427
1764071246938,-0.003054,-0.004276,0.183260
1764071246946,-0.010996,0.008552,0.193033
1764071246954,0.004276,-0.012828,0.202196
1764071246962,0.009774,0.006109,0.200364
1764071246970,0.006720,0.014050,0.193033
1764071246978,-0.003665,0.007941,0.189368
1764071246986,-0.004276,-0.013439,0.194255
1764071246994,-0.002443,-0.034208,0.191201
1764071247002,-0.015272,0.015882,0.185703
1764071247010,-0.007330,0.028100,0.185703
1764071247018,0.003665,0.000611,0.185092
1764071247026,0.002443,-0.005498,0.178373
1764071247034,0.008552,-0.025045,0.174097
1764071247042,0.000000,0.022602,0.172264
1764071247050,0.006109,-0.010385,0.163101
1764071247058,-0.007330,0.004276,0.150273
1764071247066,-0.002443,-0.006109,0.141110
1764071247074,0.001222,-0.000611,0.136834
1764071247082,0.000000,0.023824,0.145997
1764071247090,0.000000,-0.005498,0.149662
1764071247098,-0.012217,0.003665,0.163712
1764071247106,0.001833,-0.030543,0.153327
1764071247114,0.003665,0.036041,0.160047
1764071247122,0.008552,0.030543,0.188757
1764071247130,0.013439,-0.003665,0.215025
1764071247138,-0.003054,-0.001833,0.230296
1764071247146,-0.020769,-0.004887,0.224188
1764071247154,0.000000,-0.017715,0.198531
1764071247162,0.003665,0.026878,0.188757
1764071247170,0.006109,0.020159,0.187536
1764071247178,0.000611,-0.015882,0.185092
1764071247186,-0.015882,0.021991,0.176540
1764071247194,-0.004276,-0.025045,0.160047
1764071247202,-0.003665,0.018937,0.159436
1764071247210,0.018326,-0.011606,0.175929
1764071247218,0.007330,0.009163,0.190590
1764071247226,0.000611,-0.020769,0.197309
1764071247234,-0.007941,-0.007941,0.199753
1764071247242,-0.005498,-0.005498,0.196088
1764071247250,-0.000611,-0.001222,0.192423
1764071247258,-0.003665,0.010996,0.185092
1764071247266,-0.006109,-0.003665,0.174707
1764071247274,-0.001833,-0.008552,0.163101
1764071247282,0.005498,-0.006720,0.169210
1764071247290,0.001833,0.002443,0.176540
1764071247298,0.002443,0.003054,0.185092
1764071247306,0.002443,-0.012828,0.194255
1764071247314,-0.005498,-0.004276,0.204640
1764071247322,-0.003665,0.003054,0.216857
1764071247330,0.000611,0.009163,0.211970
1764071247338,-0.002443,0.016493,0.213192
1764071247346,0.003054,0.007941,0.222966
1764071247354,0.000611,0.000000,0.222355
1764071247362,-0.000611,-0.006109,0.213803
1764071247370,0.004887,0.009774,0.208305
1764071247378,0.000611,-0.006109,0.204640
1764071247386,-0.009163,-0.004887,0.203418
1764071247394,0.000000,-0.005498,0.206472
1764071247402,-0.001222,-0.009774,0.200975
1764071247410,-0.004276,0.012828,0.201586
1764071247418,-0.001833,0.007941,0.211970
1764071247426,-0.002443,-0.002443,0.221744
1764071247434,0.003665,-0.018326,0.235794
1764071247442,0.004887,-0.009774,0.240681
1764071247450,0.000611,0.008552,0.235183
1764071247458,-0.004887,0.018326,0.233961
1764071247466,-0.007330,-0.008552,0.225409
1764071247474,-0.009163,0.006109,0.222966
1764071247482,0.004887,-0.010385,0.213803
1764071247490,0.012217,-0.009163,0.211359
1764071247498,0.000000,0.006720,0.202196
1764071247506,-0.007330,0.000611,0.187536
1764071247514,-0.016493,0.004276,0.181427
1764071247522,-0.003665,-0.021991,0.188757
1764071247530,0.001222,-0.001222,0.208916
1764071247538,0.005498,-0.003665,0.229074
1764071247546,-0.006109,0.000000,0.225409
1764071247554,-0.004887,-0.022602,0.225409
1764071247562,0.005498,-0.014050,0.235794
1764071247570,0.003054,-0.006720,0.225409
1764071247578,-0.003665,0.000000,0.206472
1764071247586,-0.000611,-0.014661,0.197920
1764071247594,0.007330,-0.002443,0.185092
1764071247602,0.000611,0.015882,0.184481
1764071247610,-0.002443,0.001833,0.180816
1764071247618,-0.001833,-0.012828,0.184481
1764071247626,-0.003054,0.003054,0.176540
1764071247634,0.010996,-0.021991,0.169821
1764071247642,0.000000,0.017715,0.169210
1764071247650,-0.004276,0.018937,0.164323
1764071247658,0.006720,-0.028100,0.163101
1764071247666,-0.004276,0.010385,0.166155
1764071247674,0.012217,-0.001833,0.166155
1764071247682,0.020769,-0.024435,0.169210
1764071247690,-0.007330,0.039095,0.183260
1764071247698,-0.001833,-0.029932,0.177762
1764071247706,-0.012217,0.009774,0.171653
1764071247714,0.016493,-0.026878,0.166766
1764071247722,0.017104,0.013439,0.168599
1764071247730,0.016493,0.006109,0.177762
1764071247738,0.001833,-0.012828,0.184481
1764071247746,-0.010996,-0.022602,0.166766
1764071247754,-0.001222,-0.010385,0.161879
1764071247762,0.003054,0.000611,0.165544
1764071247770,0.006109,-0.020769,0.160658
1764071247778,-0.003054,0.009774,0.174097
1764071247786,-0.002443,0.003054,0.179594
1764071247794,-0.012217,0.006109,0.177151
1764071247802,-0.017715,0.031765,0.182649
1764071247810,0.001833,0.007941,0.195477
1764071247818,0.007941,-0.006720,0.198531
1764071247826,-0.001833,0.023824,0.196088
1764071247834,0.007941,-0.026878,0.193644
1764071247842,0.007330,-0.021380,0.185703
1764071247850,0.001222,0.029932,0.178373
1764071247858,0.008552,-0.010996,0.172264
1764071247866,-0.017104,0.020159,0.157603
1764071247874,-0.006720,-0.009774,0.150273
1764071247882,0.001222,-0.002443,0.156992
1764071247890,0.007941,0.004887,0.167988
1764071247898,0.010385,0.010385,0.193033
1764071247906,0.004887,0.006720,0.225409
1764071247914,0.012828,-0.032376,0.243735
1764071247922,0.007330,-0.014050,0.249233
1764071247930,-0.001222,0.029322,0.251676
1764071247938,-0.001222,-0.000611,0.252287
1764071247946,-0.001222,-0.028711,0.241903
1764071247954,0.003054,0.001222,0.231518
1764071247962,0.010385,-0.018937,0.232740
1764071247970,-0.006720,0.020159,0.226631
1764071247978,0.005498,-0.032376,0.210138
1764071247986,-0.000611,0.006720,0.199142
1764071247994,-0.001833,-0.001222,0.191201
1764071248002,-0.004887,0.000000,0.174097
1764071248010,0.006720,0.003054,0.162490
1764071248018,0.003665,0.003665,0.160047
1764071248026,-0.001222,0.001833,0.164323
1764071248034,-0.003054,-0.026878,0.163712
1764071248042,-0.019548,0.029322,0.162490
1764071248050,0.009163,-0.022602,0.166155
1764071248058,-0.001222,0.029322,0.150273
1764071248066,-0.001833,0.004887,0.142942
1764071248074,0.000611,-0.004887,0.131336
1764071248082,-0.011606,0.048869,0.113621
1764071248090,0.002443,-0.020769,0.110567
1764071248098,0.001833,-0.013439,0.124006
1764071248106,-0.004276,0.011606,0.135612
1764071248114,-0.005498,0.021380,0.156992
1764071248122,0.002443,-0.004887,0.164934
1764071248130,0.002443,-0.004887,0.161879
1764071248138,0.006109,-0.000611,0.163101
1764071248146,0.010996,-0.004276,0.157603
1764071248154,0.003665,0.010996,0.158825
1764071248162,-0.004276,0.008552,0.156992
1764071248170,-0.008552,0.000611,0.152716
1764071248178,-0.006720,-0.001222,0.155160
1764071248186,0.005498,-0.028711,0.163101
1764071248194,-0.009774,0.023824,0.161268
1764071248202,0.005498,-0.019548,0.163101
1764071248210,0.005498,-0.000611,0.166155
1764071248218,0.001222,0.017104,0.169210
1764071248226,0.005498,-0.051313,0.163101
1764071248234,-0.006720,0.014661,0.167988
1764071248242,0.010996,0.005498,0.174707
1764071248250,0.012828,-0.002443,0.172875
1764071248258,-0.001833,-0.025045,0.173486
1764071248266,-0.017715,-0.001222,0.155771
1764071248274,0.007941,-0.029932,0.141721
1764071248282,0.011606,0.001222,0.130725
1764071248290,0.004276,0.011606,0.144775
1764071248298,0.012828,0.003665,0.155160
1764071248306,0.007941,-0.016493,0.144164
1764071248314,-0.013439,0.037263,0.127671
1764071248322,0.014050,-0.013439,0.122784
1764071248330,-0.003665,0.040928,0.110567
1764071248338,-0.000611,-0.014050,0.110567
1764071248346,-0.001833,-0.004887,0.111788
1764071248354,0.007330,0.007330,0.113010
1764071248362,0.000611,-0.007941,0.108734
1764071248370,-0.007330,0.010385,0.106901
1764071248378,0.003054,0.010385,0.116064
1764071248386,0.011606,-0.016493,0.116064
1764071248394,-0.001833,0.040928,0.102014
1764071248402,0.000611,-0.010385,0.095295
1764071248410,-0.007941,-0.009163,0.080023
1764071248418,0.002443,-0.021380,0.076358
1764071248426,0.006720,-0.015272,0.067195
1764071248434,0.005498,0.021380,0.064752
1764071248442,0.001833,-0.009774,0.056810
1764071248450,-0.006109,-0.014661,0.047647
1764071248458,0.001222,0.000611,0.046426
1764071248466,0.001222,-0.001222,0.048869
1764071248474,0.000611,-0.015272,0.054367
1764071248482,0.000000,-0.004887,0.057421
1764071248490,-0.001833,0.024435,0.065973
1764071248498,0.005498,-0.016493,0.072693
1764071248506,-0.003054,-0.013439,0.068417
1764071248514,0.004276,0.012828,0.065973
1764071248522,0.020159,-0.004276,0.050702
1764071248530,0.001222,0.056810,0.026878
1764071248538,0.006109,-0.020159,0.005498
1764071248546,-0.009163,0.000611,-0.021380
1764071248554,-0.004276,0.001222,-0.037263
1764071248562,0.009774,-0.006720,-0.044593
1764071248570,0.005498,0.028711,-0.051924
1764071248578,0.004887,-0.001222,-0.041539
1764071248586,-0.006720,0.003665,-0.033598
1764071248594,-0.007941,-0.027489,-0.039706
1764071248602,0.004276,0.015272,-0.045815
1764071248610,0.018326,0.017715,-0.043371
1764071248618,0.013439,-0.005498,-0.029932
1764071248626,0.004276,-0.009163,-0.020769
1764071248634,-0.000611,0.020769,-0.025656
1764071248642,0.004887,0.023213,-0.036652
1764071248650,0.009774,-0.025045,-0.024435
1764071248658,0.007330,0.003054,-0.025045
1764071248666,0.001222,-0.006109,-0.016493
1764071248674,0.007330,0.001222,-0.018326
1764071248682,0.005498,-0.014050,-0.029932
1764071248690,0.000611,0.020159,-0.032376
1764071248698,0.006109,-0.008552,-0.023213
1764071248706,-0.007941,0.013439,-0.010996
1764071248714,0.001833,-0.006720,0.001222
1764071248722,0.010385,0.005498,0.004276
1764071248730,0.017104,-0.000611,0.001222
1764071248738,0.004887,-0.007330,-0.016493
1764071248746,0.007330,-0.017715,-0.020769
1764071248754,0.005498,0.000611,-0.024435
1764071248762,-0.003665,0.014050,-0.034208
1764071248770,0.004276,-0.012217,-0.039095
1764071248778,0.003665,0.019548,-0.046426
1764071248786,-0.005498,0.007330,-0.054367
1764071248794,-0.009163,0.002443,-0.062308
1764071248802,0.001833,-0.017715,-0.072693
1764071248810,0.001833,0.003054,-0.094073
1764071248818,-0.004276,0.014050,-0.094684
1764071248826,0.000000,-0.017104,-0.090408
1764071248834,-0.008552,-0.013439,-0.091630
1764071248842,-0.003054,-0.007941,-0.088575
1764071248850,0.009163,0.014050,-0.098960
1764071248858,0.000611,0.012828,-0.119119
1764071248866,0.004276,-0.007941,-0.130725
1764071248874,0.017104,0.014050,-0.139277
1764071248882,0.012217,0.009163,-0.149662
1764071248890,-0.001833,0.002443,-0.157603
1764071248898,0.000000,-0.016493,-0.166155
1764071248906,-0.001222,0.003665,-0.176540
1764071248914,0.004887,-0.012217,-0.185092
1764071248922,0.002443,0.001222,-0.195477
1764071248930,0.000611,0.012828,-0.197309
1764071248938,-0.004887,-0.002443,-0.193033
1764071248946,-0.000611,0.001833,-0.188147
1764071248954,0.001222,0.009163,-0.181427
1764071248962,0.005498,0.011606,-0.177151
1764071248970,0.007330,0.003054,-0.180205
1764071248978,0.004887,-0.020159,-0.189368
1764071248986,-0.007941,0.002443,-0.199142
1764071248994,-0.001222,0.026267,-0.208916
1764071249002,0.005498,-0.000611,-0.225409
1764071249010,-0.003665,0.004276,-0.231518
1764071249018,-0.002443,-0.006720,-0.226631
1764071249026,-0.001222,0.008552,-0.229074
1764071249034,0.001222,-0.005498,-0.237016
1764071249042,-0.004887,-0.014661,-0.241903
1764071249050,-0.004887,-0.012217,-0.237627
1764071249058,0.004887,0.007330,-0.227242
1764071249066,0.007330,0.007330,-0.211359
1764071249074,0.010996,-0.014050,-0.196088
1764071249082,-0.001833,0.010996,-0.196699
1764071249090,0.000000,0.008552,-0.188147
1764071249098,0.006720,-0.005498,-0.191812
1764071249106,0.000611,0.012828,-0.207083
1764071249114,-0.003054,0.008552,-0.224798
1764071249122,-0.006109,-0.000611,-0.249844
1764071249130,-0.004276,-0.009163,-0.270002
1764071249138,0.006720,0.007330,-0.280387
1764071249146,0.004276,0.010385,-0.277944
1764071249154,-0.009163,0.003665,-0.261450
1764071249162,-0.001222,0.000611,-0.233961
1764071249170,0.003054,0.012217,-0.218079
1764071249178,0.004276,0.020769,-0.202196
1764071249186,-0.001833,0.000000,-0.200975
1764071249194,-0.004276,-0.020769,-0.200364
1764071249202,0.005498,-0.007941,-0.191812
1764071249210,0.003054,0.006109,-0.189979
1764071249218,0.004887,0.010996,-0.203418
1764071249226,0.007330,-0.007941,-0.225409
1764071249234,-0.004887,0.006109,-0.236405
1764071249242,0.001222,-0.009163,-0.238237
1764071249250,0.004276,0.013439,-0.244346
1764071249258,0.002443,-0.011606,-0.245568
1764071249266,-0.003054,0.000000,-0.249233
1764071249274,-0.003665,-0.015882,-0.254731
1764071249282,0.005498,-0.006720,-0.249844
1764071249290,-0.004276,0.018937,-0.243124
1764071249298,-0.005498,-0.006109,-0.234572
1764071249306,-0.008552,0.002443,-0.230907
1764071249314,0.000611,-0.006720,-0.224188
1764071249322,0.004276,0.006109,-0.235794
1764071249330,-0.006109,0.015272,-0.250455
1764071249338,-0.001222,-0.023824,-0.263283
1764071249346,-0.004276,0.002443,-0.278555
1764071249354,0.010996,-0.002443,-0.285274
1764071249362,0.010385,0.010385,-0.291994
1764071249370,0.000000,0.001833,-0.298102
1764071249378,-0.009774,-0.004276,-0.302378
1764071249386,-0.002443,-0.010385,-0.295048
1764071249394,0.005498,-0.000611,-0.294437
1764071249402,0.003665,0.001222,-0.293215
1764071249410,0.000000,0.004276,-0.296270
1764071249418,-0.004276,0.002443,-0.301767
1764071249426,0.003665,-0.018326,-0.303600
1764071249434,0.006720,0.007941,-0.310320
1764071249442,0.009774,0.021380,-0.314596
1764071249450,0.003054,-0.007941,-0.314596
1764071249458,-0.009774,-0.005498,-0.310320
1764071249466,-0.003054,0.001833,-0.301767
1764071249474,0.010996,0.003054,-0.293826
1764071249482,-0.004887,0.021380,-0.306043
1764071249490,-0.006109,-0.029932,-0.304822
1764071249498,-0.002443,-0.029932,-0.299935
1764071249506,0.004276,-0.023824,-0.295048
1764071249514,0.001833,0.009774,-0.293826
1764071249522,0.007330,-0.006720,-0.300546
1764071249530,0.001222,-0.021380,-0.302378
1764071249538,-0.005498,-0.015882,-0.298102
1764071249546,-0.012828,0.000000,-0.294437
1764071249554,-0.006109,-0.021380,-0.286496
1764071249562,0.009163,-0.000611,-0.287107
1764071249570,0.013439,0.009774,-0.294437
1764071249578,0.005498,0.006109,-0.291994
1764071249586,-0.007941,0.003054,-0.300546
1764071249594,0.002443,-0.021991,-0.295048
1764071249602,0.010996,0.017104,-0.292604
1764071249610,0.020159,0.004276,-0.285885
1764071249618,0.003665,0.006109,-0.282831
1764071249626,-0.012217,-0.028100,-0.271224
1764071249634,-0.017104,0.009163,-0.264505
1764071249642,0.002443,-0.011606,-0.265116
1764071249650,0.010385,-0.002443,-0.267559
1764071249657,0.009774,-0.005498,-0.270002
1764071249665,0.006109,-0.020769,-0.272446
1764071249673,0.001222,-0.007941,-0.268781
1764071249681,0.008552,-0.021991,-0.272446
1764071249689,-0.004276,0.023824,-0.287107
1764071249697,0.004276,-0.015882,-0.289550
1764071249705,0.004276,-0.003665,-0.293826
1764071249713,0.001222,0.001833,-0.296881
1764071249721,-0.010996,-0.004887,-0.293826
1764071249729,-0.010996,0.006720,-0.285274
1764071249737,0.003054,-0.013439,-0.274889
1764071249745,0.005498,0.006720,-0.260839
1764071249753,0.003665,0.009774,-0.241903
1764071249761,0.006109,-0.045204,-0.219911
1764071249769,-0.007941,0.005498,-0.218079
1764071249777,0.000000,-0.022602,-0.216857
1764071249785,-0.002443,-0.009163,-0.213192
1764071249793,0.001222,-0.010385,-0.210749
1764071249801,0.001833,-0.004887,-0.204640
1764071249809,-0.004276,-0.012828,-0.192423
1764071249817,-0.012828,-0.006720,-0.171653
1764071249825,-0.003054,-0.007941,-0.147829
1764071249833,0.007330,0.007330,-0.142942
1764071249841,0.002443,0.026878,-0.160047
1764071249849,-0.019548,-0.023213,-0.159436
1764071249857,-0.010385,-0.048258,-0.154549
1764071249865,0.009163,-0.015882,-0.156992
1764071249873,0.018326,0.018937,-0.175929
1764071249881,0.009774,0.005498,-0.186314
1764071249889,-0.011606,-0.006720,-0.194866
1764071249897,-0.003665,-0.048869,-0.189979
1764071249905,-0.001222,0.009774,-0.177762
1764071249913,0.015272,0.017104,-0.180205
1764071249921,0.015272,-0.006720,-0.185703
1764071249929,0.007330,-0.026267,-0.180205
1764071249937,-0.003665,0.012217,-0.181427
1764071249945,0.005498,-0.024435,-0.180816
1764071249953,-0.007941,0.023213,-0.191201
1764071249961,0.011606,-0.034208,-0.196088
1764071249969,0.011606,-0.011606,-0.217468
1764071249977,-0.004887,0.039095,-0.225409
1764071249985,0.004887,-0.014661,-0.230907
1764071249993,-0.018326,0.012217,-0.241903
1764071250001,-0.004276,-0.017715,-0.240070
1764071250009,0.008552,-0.010996,-0.237016
1764071250017,0.017104,-0.004276,-0.223577
1764071250025,0.011606,0.028100,-0.222966
1764071250033,0.014050,-0.025656,-0.232740
1764071250041,-0.010385,0.021991,-0.238237
1764071250049,0.001222,-0.021991,-0.235794
1764071250057,-0.004276,0.004276,-0.248622
1764071250065,0.006109,-0.006720,-0.257785
1764071250073,0.007941,-0.013439,-0.266948
1764071250081,-0.006720,0.032987,-0.273668
1764071250089,0.004276,-0.013439,-0.287718
1764071250097,-0.016493,0.018326,-0.288328
1764071250105,0.000000,-0.012828,-0.293215
1764071250113,-0.007330,0.021991,-0.292604
1764071250121,0.005498,-0.006720,-0.276111
1764071250129,0.006720,0.008552,-0.259618
1764071250137,0.002443,0.018326,-0.251676
1764071250145,-0.003054,-0.018326,-0.238848
1764071250153,-0.008552,-0.011606,-0.231518
1764071250161,-0.001833,0.000611,-0.239459
1764071250169,0.003054,0.004276,-0.250455
1764071250177,0.009163,-0.017104,-0.263283
1764071250185,0.001833,0.000611,-0.280998
1764071250193,-0.001833,0.023213,-0.293215
1764071250201,0.006109,-0.017104,-0.298102
1764071250209,0.001222,-0.014661,-0.299324
1764071250217,0.008552,-0.015272,-0.309709
1764071250225,0.007330,-0.009163,-0.337198
1764071250233,-0.010385,0.001222,-0.357356
1764071250241,-0.018326,-0.001222,-0.361632
1764071250249,-0.010385,0.000611,-0.356134
1764071250257,0.009774,-0.024435,-0.347582
1764071250265,0.002443,-0.001222,-0.348193
1764071250273,-0.001222,0.008552,-0.354913
1764071250281,0.001833,-0.005498,-0.356134
1764071250289,-0.004887,0.006720,-0.350026
1764071250297,-0.007941,0.007330,-0.332922
1764071250305,-0.004276,0.006109,-0.323759
1764071250313,-0.004276,0.002443,-0.312152
1764071250321,-0.010996,0.021380,-0.299935
1764071250329,0.000611,0.014661,-0.285274
1764071250337,0.001833,0.001222,-0.282831
1764071250345,-0.010385,-0.000611,-0.274278
1764071250353,-0.009163,-0.029322,-0.257174
1764071250361,-0.007941,0.024435,-0.247400
1764071250369,0.008552,0.004276,-0.252287
1764071250377,-0.003054,-0.003054,-0.263894
1764071250385,-0.020769,0.002443,-0.268170
1764071250393,-0.007941,-0.020159,-0.262672
1764071250401,0.012217,-0.009774,-0.255953
1764071250409,0.003665,0.044593,-0.263894
1764071250417,0.005498,-0.015272,-0.268781
1764071250425,-0.013439,-0.019548,-0.272446
1764071250433,-0.003665,0.000000,-0.265726
1764071250441,0.001833,0.009163,-0.266337
1764071250449,-0.002443,0.020159,-0.265726
1764071250457,-0.000611,0.003054,-0.260839
1764071250465,0.006109,-0.027489,-0.256563
1764071250473,-0.003054,0.009163,-0.251676
1764071250481,0.003665,-0.011606,-0.234572
1764071250489,-0.007330,0.038485,-0.218690
1764071250497,0.000611,0.000611,-0.190590
1764071250505,-0.006109,-0.006109,-0.175318
1764071250513,0.000000,0.003054,-0.160047
1764071250521,0.003665,0.008552,-0.150273
1764071250529,0.003054,0.045815,-0.146608
1764071250537,0.011606,-0.006109,-0.144164
1764071250545,0.000000,-0.007941,-0.147219
1764071250553,0.013439,-0.028100,-0.153327
1764071250561,0.004276,0.017715,-0.164323
1764071250569,0.003665,0.006109,-0.182649
1764071250577,-0.013439,0.010385,-0.202196
1764071250585,-0.015272,-0.007330,-0.208916
1764071250593,-0.014661,-0.018326,-0.204029
1764071250601,-0.012828,0.018937,-0.191812
1764071250609,-0.006720,0.017104,-0.169210
1764071250617,0.001222,-0.001222,-0.145997
1764071250625,0.009774,-0.017104,-0.127060
1764071250633,-0.008552,0.015272,-0.119119
1764071250641,-0.009163,0.000611,-0.121562
1764071250649,-0.010996,0.011606,-0.126449
1764071250657,-0.000611,0.013439,-0.128893
1764071250665,-0.003665,0.000611,-0.119730
1764071250673,-0.005498,-0.004887,-0.095906
1764071250681,-0.015272,0.025656,-0.080023
1764071250689,-0.009163,-0.023213,-0.067195
1764071250697,0.001833,0.001833,-0.055589
1764071250705,0.011606,0.006109,-0.043982
1764071250713,-0.001833,0.025656,-0.028711
1764071250721,-0.001222,-0.028711,-0.003665
1764071250729,-0.006720,-0.000611,0.003054
1764071250737,0.008552,-0.009774,0.007330
1764071250745,0.011606,0.017715,-0.000611
1764071250753,0.013439,0.003665,-0.008552
1764071250761,-0.008552,0.014661,-0.021380
1764071250769,-0.014661,-0.035430,-0.020769
1764071250777,-0.014050,0.004276,-0.019548
1764071250785,0.002443,0.017715,-0.010996
1764071250793,0.000000,0.018326,0.009163
1764071250801,-0.000611,-0.004887,0.037874
1764071250809,0.001833,0.009163,0.049480
1764071250817,0.002443,0.007941,0.066584
1764071250825,0.009774,0.011606,0.067195
1764071250833,0.011606,0.004887,0.052534
1764071250841,0.009774,-0.011606,0.036041
1764071250849,0.005498,-0.013439,-0.001833
1764071250857,-0.015272,-0.006720,0.004887
1764071250865,-0.012828,-0.018937,-0.001222
1764071250873,-0.003054,-0.015272,0.008552
1764071250881,0.017715,0.011606,0.011606
1764071250889,0.028711,0.024435,0.019548
1764071250897,0.021380,0.017715,0.018326
1764071250905,0.007941,0.001833,0.019548
1764071250913,-0.002443,-0.003665,0.018937
1764071250921,-0.008552,-0.003054,0.017715
1764071250929,-0.015882,-0.006109,0.018326
1764071250937,-0.018937,-0.015272,0.025656
1764071250945,-0.012217,-0.013439,0.024435
1764071250953,-0.002443,0.001833,0.018326
1764071250961,-0.000611,0.006109,0.021380
1764071250969,0.000000,-0.001222,0.023824
1764071250977,-0.004887,-0.003665,0.026267
1764071250985,-0.007941,0.000000,0.032376
1764071250993,0.000611,-0.007941,0.025656
1764071251001,-0.003665,-0.004276,0.032987
1764071251009,0.012217,0.013439,0.028711
1764071251017,0.000000,0.013439,0.016493
1764071251025,-0.011606,-0.010996,0.011606
1764071251033,-0.009163,-0.007330,0.037874
1764071251041,-0.005498,0.000000,0.034819
1764071251049,-0.003054,-0.006720,0.016493
1764071251057,-0.001833,0.010996,0.023213
1764071251065,0.001222,0.001222,0.021991
1764071251073,-0.010996,-0.010996,0.017104
1764071251081,-0.004276,-0.007330,0.001833
1764071251089,-0.001833,-0.002443,0.001833
1764071251097,0.003054,0.009163,0.003665
1764071251105,0.000611,0.000611,0.001222
1764071251113,-0.006109,-0.008552,0.003665
1764071251121,-0.004276,0.003665,-0.000611
1764071251129,-0.001833,-0.006720,0.002443
1764071251137,0.000611,0.000611,0.001222
1764071251145,0.001222,0.003665,0.000000
1764071251153,0.000000,-0.003665,0.001833
1764071251161,-0.000611,0.000000,-0.000611
1764071251169,-0.001833,-0.003054,0.000000
1764071251177,-0.002443,-0.001833,0.001222
1764071251185,-0.001833,-0.003054,0.001222
1764071251193,0.000611,0.000611,-0.000611
1764071251201,0.000611,0.000000,0.001222
1764071251209,0.001833,0.000611,0.000000
1764071251217,0.001833,0.001222,0.000000
1764071251225,-0.001833,-0.003665,0.001222
1764071251233,-0.001833,0.000000,0.001222
1764071251241,0.000000,-0.001833,0.001222
1764071251249,0.000611,-0.002443,0.000000
1764071251257,0.001222,0.000611,0.000611
1764071251265,0.000000,-0.000611,0.001833
1764071251273,-0.001222,0.000000,0.000000
1764071251281,-0.001222,-0.002443,-0.001222
1764071251289,0.000000,0.000611,0.001222
1764071251297,-0.001833,-0.001833,0.001222
1764071251305,-0.001222,0.001833,0.000000
1764071251313,-0.000611,-0.000611,-0.000611
1764071251321,-0.000611,-0.000611,0.000000
1764071251329,0.000000,-0.000611,0.000611
1764071251337,0.001222,-0.000611,0.000611
1764071251345,0.000611,-0.003054,0.001833
1764071251353,0.000000,0.001833,0.000000
1764071251361,0.000611,0.000611,0.002443
1764071251369,-0.000611,-0.001222,0.000000
1764071251377,-0.000611,-0.001222,0.000611
1764071251385,-0.002443,-0.002443,0.000000
1764071251393,-0.001222,-0.001833,0.000611
1764071251401,0.000611,0.000000,0.000000
1764071251409,-0.002443,-0.000611,0.000611
1764071251417,0.000611,0.000000,0.000611
1764071251425,0.001222,0.001222,0.000611
1764071251433,0.000611,-0.001222,0.001833
1764071251441,0.000611,-0.003054,0.000611
1764071251449,0.001222,0.000611,0.000000
1764071251457,0.000611,-0.001222,0.000611
1764071251465,-0.000611,0.000000,-0.001222
1764071251473,0.000000,0.000611,0.000000
1764071251481,0.000000,-0.003665,-0.000611
1764071251489,0.002443,0.001222,0.000611
1764071251497,0.001222,0.002443,0.000611
1764071251505,0.000000,-0.000611,0.000611
1764071251513,0.000000,-0.000611,0.001833
1764071251521,-0.001222,-0.000611,0.001222
1764071251529,-0.001222,0.001222,-0.000611
1764071251537,0.000611,0.000611,0.001222
1764071251545,-0.001222,0.000000,0.000000
1764071251553,-0.001222,0.000000,0.000000
1764071251561,0.000611,0.001222,-0.000611
1764071251569,0.000611,0.001222,-0.000611
1764071251577,-0.001833,-0.000611,-0.000611
1764071251585,-0.001833,-0.001833,0.001222
1764071251593,-0.001833,-0.001833,0.000611
1764071251601,0.000000,-0.001222,0.001222
1764071251609,0.000611,0.003665,0.000611
1764071251617,0.000611,0.000000,0.001222
1764071251625,-0.001222,-0.001222,-0.000611
1764071251633,-0.001222,-0.003054,-0.000611
1764071251641,-0.000611,-0.002443,0.000611
1764071251649,0.000000,0.001222,0.000000
1764071251657,0.000000,0.001833,0.000000
1764071251665,0.000000,-0.001222,0.000611
1764071251673,-0.001222,-0.001222,0.000000
1764071251681,-0.000611,0.000611,0.000611
1764071251689,0.001833,0.000000,0.000000
1764071251697,-0.001222,-0.000611,0.001833
1764071251705,0.000000,-0.000611,0.000611
1764071251713,0.000000,0.000611,0.000611
1764071251721,-0.001833,0.000611,0.000000
1764071251729,-0.001222,-0.001222,-0.000611
1764071251737,-0.001833,-0.002443,-0.000611
1764071251745,0.000000,0.000611,0.000611
1764071251753,0.000000,-0.001833,0.000611
1764071251761,0.000611,0.001222,0.000611
1764071251769,0.001833,-0.000611,0.000611
1764071251777,-0.000611,-0.003665,0.001222
1764071251785,-0.003054,0.000000,-0.001222
1764071251793,-0.001222,-0.001222,0.001222
1764071251801,-0.000611,0.001222,0.000000
1764071251809,-0.003054,-0.000611,0.000611
1764071251817,0.001833,-0.000611,0.000000
1764071251825,-0.001222,-0.001833,0.000000
1764071251833,-0.001833,-0.000611,-0.000611
1764071251841,0.001833,-0.001222,0.000611
1764071251849,0.003665,-0.000611,0.000611
1764071251857,0.001222,0.006109,0.000611
1764071251865,0.000000,-0.002443,0.000000
1764071251873,-0.003665,-0.004887,0.000000
1764071251881,-0.004887,-0.006720,-0.000611
1764071251889,0.000611,-0.001833,0.001222
1764071251897,0.004887,0.006720,-0.001222
1764071251905,0.004276,0.006720,0.000000
1764071251913,-0.003054,-0.004887,0.000000
1764071251921,-0.006109,-0.001833,0.000611
1764071251929,0.001222,-0.000611,0.001222
1764071251937,0.003054,0.002443,0.001833
1764071251945,0.001833,0.006109,-0.000611
1764071251953,-0.002443,-0.006109,0.000000
1764071251961,-0.003665,-0.009163,0.001222
1764071251969,-0.001222,-0.000611,0.001222
1764071251977,0.004276,0.004887,0.001833
1764071251985,0.003054,0.007330,-0.000611
1764071251993,-0.004276,-0.007330,0.000611
1764071252001,-0.003665,-0.007330,0.001833
1764071252009,0.000000,-0.002443,0.000000
1764071252017,0.004887,0.006720,0.000611
1764071252025,0.000000,0.001833,-0.000611
1764071252033,-0.004276,-0.000611,0.000611
1764071252041,-0.001222,-0.007330,0.001833
1764071252049,-0.001222,-0.002443,0.000000
1764071252057,0.003665,0.007941,0.000611
1764071252065,0.002443,0.001833,0.000611
1764071252073,0.002443,0.000000,0.001833
1764071252081,-0.003665,-0.003665,-0.000611
1764071252089,-0.004276,-0.003665,-0.000611
1764071252097,-0.001833,0.001222,-0.000611
1764071252105,0.004887,0.003665,0.001833
1764071252113,-0.000611,-0.001833,0.000611
1764071252121,-0.002443,0.003054,-0.000611
1764071252129,-0.000611,0.000000,0.000000
1764071252137,-0.002443,-0.006109,0.001222
1764071252145,-0.001222,0.003054,0.000000
1764071252153,0.001833,0.003054,0.000611
1764071252161,0.003665,-0.002443,0.000611
1764071252169,-0.000611,0.002443,-0.000611
1764071252177,-0.004887,-0.004276,-0.000611
1764071252185,-0.000611,-0.004276,0.000611
1764071252193,0.002443,0.000000,0.001833
1764071252201,-0.002443,0.002443,0.001222
1764071252209,0.001222,-0.000611,0.002443
1764071252217,0.001833,-0.001833,0.001222
1764071252225,-0.004276,-0.003054,0.000000
1764071252233,-0.000611,-0.001222,0.000000
1764071252241,0.003665,0.000000,0.000611
1764071252249,-0.001222,-0.001833,0.000611
1764071252257,0.000611,0.002443,0.000000
1764071252265,0.001222,-0.002443,0.001833
1764071252273,-0.004887,-0.001222,0.000611
1764071252281,-0.003054,-0.000611,-0.000611
1764071252289,0.000611,-0.003665,0.000000
1764071252297,-0.000611,-0.001222,-0.000611
1764071252305,0.000611,0.002443,0.000000
1764071252313,0.004276,0.001222,0.000000
1764071252321,-0.000611,-0.003054,0.000611
1764071252329,-0.003665,0.001222,-0.001833
1764071252337,0.001222,-0.003665,0.001222
1764071252345,-0.000611,-0.001222,0.000611
1764071252353,-0.001833,0.001222,-0.000611
1764071252361,0.001833,-0.000611,0.001222
1764071252369,0.000000,0.001833,0.000611
1764071252377,-0.003054,0.002443,0.000000
1764071252385,-0.001222,-0.003054,0.000000
1764071252393,0.000000,-0.004276,0.000000
1764071252401,0.000000,0.001222,0.000611
1764071252409,0.001222,0.001833,0.000000
1764071252417,0.005498,0.003665,-0.000611
1764071252425,0.000000,0.000611,0.000611
1764071252433,-0.004276,-0.007330,-0.001222
1764071252441,-0.001833,-0.003665,0.000611
1764071252449,0.001833,-0.002443,0.001833
1764071252457,0.000000,0.002443,0.000000
1764071252465,0.002443,0.002443,-0.000611
1764071252473,0.003665,-0.001833,0.000611
1764071252481,-0.005498,-0.008552,0.000611
1764071252489,0.000611,-0.002443,0.000611
1764071252497,0.003054,0.003054,0.000000
1764071252505,0.000611,0.000000,-0.000611
1764071252513,0.002443,0.003054,-0.000611
1764071252521,0.000611,-0.003665,-0.001222
1764071252529,-0.003054,-0.002443,0.000000
1764071252537,-0.002443,-0.000611,-0.000611
1764071252545,0.003665,0.001222,0.001833
1764071252553,0.000000,-0.000611,0.000611
1764071252561,0.000000,0.002443,-0.001222
1764071252569,0.000000,-0.001222,0.000611
1764071252577,-0.003665,-0.003054,-0.000611
1764071252585,-0.001222,-0.001222,0.000611
1764071252593,0.001833,-0.003054,0.001222
1764071252601,0.001833,0.001222,0.000000
1764071252609,0.001833,0.004276,-0.000611
1764071252617,-0.001222,-0.000611,0.000611
1764071252625,-0.002443,-0.001833,0.000611
1764071252633,-0.001833,-0.001222,0.001222
1764071252641,-0.001222,-0.002443,0.001222
1764071252649,0.000611,0.003665,0.000000
1764071252657,0.001833,-0.001833,0.000000
1764071252665,-0.001833,-0.002443,0.000000
1764071252673,-0.001833,0.001833,-0.000611
1764071252681,0.000000,-0.002443,0.001222
1764071252689,-0.000611,0.001222,-0.001222
1764071252697,0.000000,0.003054,0.000000
1764071252705,0.000611,-0.001833,0.000611
1764071252713,-0.002443,-0.000611,0.000000
1764071252721,-0.001833,-0.000611,-0.000611
1764071252729,-0.000611,-0.003665,0.001222
1764071252737,0.000000,0.000000,0.001222
1764071252745,0.000611,0.000000,-0.000611
1764071252753,0.001833,0.000611,0.001222
1764071252761,0.001222,0.000611,-0.000611
1764071252769,-0.004276,-0.001833,0.001222
1764071252777,0.001222,-0.004276,0.000611
1764071252785,0.000000,0.000611,0.000000
1764071252793,-0.000611,0.000611,0.000000
1764071252801,0.001222,0.000611,0.000611
1764071252809,-0.001833,-0.000611,-0.000611
1764071252817,-0.002443,-0.003054,-0.000611
1764071252825,0.000000,-0.001222,0.000611
1764071252833,-0.000611,0.001222,0.000000
1764071252841,-0.000611,-0.001222,-0.000611
1764071252849,0.000000,0.001833,0.001222
1764071252857,0.000000,-0.001222,0.000611
1764071252865,-0.001833,-0.002443,0.000611
1764071252873,0.000000,-0.000611,0.000611
1764071252881,0.000000,0.000000,0.000611
1764071252889,-0.001222,-0.000611,0.000611
1764071252897,0.000611,0.001222,0.000000
1764071252905,0.001222,-0.001833,0.000000
1764071252913,0.001222,0.000611,0.000611
1764071252921,0.000611,-0.001222,0.000000
1764071252929,-0.000611,-0.002443,0.001833
1764071252937,-0.000611,0.000611,0.000000
1764071252945,0.000000,0.000000,0.001222
1764071252953,-0.001222,0.001222,0.000000
1764071252961,0.000000,-0.000611,0.000000
1764071252969,-0.001833,-0.003665,0.000611
1764071252977,-0.000611,0.000611,0.001222
1764071252985,0.000000,0.001222,0.000000
1764071252993,-0.001222,0.001222,0.001222
1764071253001,-0.001222,0.001833,0.000000
1764071253009,-0.000611,0.000611,0.000000
1764071253017,0.001833,-0.001833,0.000000
1764071253025,0.000000,-0.000611,0.000611
1764071253033,-0.000611,0.000000,0.000000
1764071253041,0.000611,-0.001833,0.001222
1764071253049,-0.000611,0.002443,0.001222
1764071253057,-0.000611,-0.000611,0.000000
1764071253065,-0.000611,-0.001222,0.000611
1764071253073,-0.002443,0.000000,0.000000
1764071253081,0.000611,-0.001222,0.000000
1764071253089,0.002443,-0.000611,0.001222
1764071253097,-0.000611,0.000000,0.001222
1764071253105,-0.000611,0.000611,0.000000
1764071253113,-0.000611,-0.003665,0.001222
1764071253121,-0.001833,0.000611,0.000611
1764071253129,0.000611,0.001833,0.000000
1764071253137,0.001222,0.000000,0.000000
1764071253145,0.001222,0.001222,0.000000
1764071253153,-0.001833,0.000611,0.000000
1764071253161,-0.001222,-0.000611,0.000000
1764071253169,0.000611,-0.001222,-0.000611
1764071253177,-0.000611,0.000000,0.000611
1764071253185,-0.000611,0.000611,0.000611
1764071253193,0.002443,0.001833,-0.000611
1764071253201,-0.000611,-0.001222,0.000000
1764071253209,-0.000611,0.000000,0.000000
1764071253217,0.000611,0.000611,0.000000
1764071253225,0.000611,-0.001222,0.001833
1764071253233,-0.001833,0.001222,0.000000
1764071253241,-0.003054,-0.000611,-0.001222
1764071253249,0.001222,0.006720,0.003054
1764071253257,-0.000611,-0.001833,-0.001833
1764071253265,0.000611,0.000000,0.001833
1764071253273,-0.001833,-0.005498,-0.002443
1764071253281,-0.000611,0.004887,0.002443
1764071253289,0.001222,-0.001222,-0.001833
1764071253297,-0.001222,0.004276,0.003665
1764071253305,0.000611,0.000000,-0.001222
1764071253313,0.003665,-0.012217,0.001833
1764071253321,-0.004887,0.001833,0.000611
1764071253329,-0.001833,0.000000,-0.002443
1764071253337,0.003665,-0.000611,0.003054
1764071253345,-0.004276,0.007941,0.000611
1764071253353,-0.002443,-0.004276,-0.001833
1764071253361,0.004276,0.000611,0.003665
1764071253369,-0.000611,-0.007941,0.000000
1764071253377,-0.004887,0.008552,-0.000611
1764071253385,-0.003665,-0.007330,-0.000611
1764071253393,0.004887,0.003054,0.001833
1764071253401,-0.001833,0.000000,-0.000611
1764071253409,-0.001222,0.000611,0.000000
1764071253417,0.004276,0.000611,-0.000611
1764071253425,-0.003054,-0.004276,0.000611
1764071253433,-0.001222,-0.001222,0.001222
1764071253441,0.003054,-0.002443,0.000000
1764071253449,0.000611,-0.002443,0.000000
1764071253457,0.000000,0.000000,-0.002443
1764071253465,0.002443,0.000611,0.003054
1764071253473,-0.000611,-0.004276,-0.000611
1764071253481,-0.001833,0.005498,0.001222
1764071253489,0.002443,-0.007330,-0.000611
1764071253497,-0.001222,0.000611,0.001222
1764071253505,-0.001222,-0.000611,0.000611
1764071253513,0.003665,0.003665,0.001222
1764071253521,0.000000,-0.007330,0.001222
1764071253529,-0.001222,0.004276,-0.001833
1764071253537,0.000611,-0.004276,0.001833
1764071253545,0.001222,-0.003054,0.000000
1764071253553,-0.001222,0.002443,0.000000
1764071253561,0.000611,-0.004887,0.000611
1764071253569,0.002443,0.001222,0.000611
1764071253577,0.001833,0.003054,-0.001833
1764071253585,0.003054,0.001833,0.000611
1764071253593,-0.001833,-0.004887,0.000611
1764071253601,-0.006109,-0.006109,-0.001222
1764071253609,-0.001833,-0.003665,0.001222
1764071253617,0.003054,0.001222,0.001222
1764071253625,0.001833,0.004887,0.000000
1764071253633,-0.000611,-0.003665,0.001833
1764071253641,-0.001833,-0.001222,-0.002443
1764071253649,-0.002443,-0.003054,0.001222
1764071253657,0.001833,0.001222,-0.000611
1764071253665,-0.001222,0.001833,0.000000
1764071253673,-0.001833,-0.003665,0.000000
1764071253681,0.001222,-0.001222,0.000000
1764071253689,-0.002443,-0.000611,0.001222
1764071253697,0.000000,0.000000,0.000611
1764071253705,0.001222,-0.000611,0.001222
1764071253713,0.001222,-0.002443,-0.000611
1764071253721,-0.000611,0.001222,0.000611
1764071253729,-0.000611,-0.001222,0.001222
1764071253737,0.001222,-0.001222,0.000000
1764071253745,0.000000,-0.003665,0.000611
1764071253753,0.001222,0.004887,0.000000
1764071253761,0.000611,-0.005498,0.000611
1764071253769,0.001833,0.002443,0.000000
1764071253777,-0.001222,-0.001222,0.002443
1764071253785,0.002443,-0.002443,0.001222
1764071253793,0.000611,-0.001833,-0.000611
1764071253801,-0.000611,0.003054,0.001833
1764071253809,0.001222,-0.000611,-0.000611
1764071253817,-0.001833,0.000000,0.000611
1764071253825,-0.000611,0.000611,0.001222
1764071253833,0.000611,-0.001833,0.001222
1764071253841,-0.003665,0.002443,-0.000611
1764071253849,-0.002443,-0.001222,0.000611
1764071253857,0.000000,-0.002443,0.001222
1764071253865,-0.000611,0.003665,0.001222
1764071253873,-0.001833,-0.000611,0.000000
1764071253881,0.003054,0.000611,0.000000
1764071253889,0.001222,-0.002443,0.000611
1764071253897,-0.002443,-0.000611,0.000000
1764071253905,0.000611,0.001222,0.001222
1764071253913,-0.001833,-0.004276,-0.000611
1764071253921,-0.000611,0.000611,-0.001222
1764071253929,0.000611,-0.001222,0.001222
1764071253937,0.001833,-0.000611,0.000611
1764071253945,0.000611,0.001222,0.000611
1764071253953,0.001833,0.000000,0.001222
1764071253961,-0.000611,-0.002443,0.000000
1764071253969,0.000611,0.000611,0.001833
1764071253977,0.000611,0.001833,0.000000
1764071253985,0.000000,-0.001833,0.001222
1764071253993,0.001833,0.001222,0.001833
1764071254001,-0.000611,-0.001222,-0.000611
1764071254009,-0.002443,0.000611,0.001222
1764071254017,-0.002443,0.002443,-0.001833
1764071254025,0.000611,0.001833,0.001833
1764071254033,0.001222,-0.002443,0.000000
1764071254041,-0.003054,-0.000611,0.001222
1764071254049,-0.001222,0.001833,-0.001222
1764071254057,0.001222,-0.003054,0.001833
1764071254065,-0.002443,-0.000611,-0.001833
1764071254073,0.000000,0.000611,0.002443
1764071254081,0.001222,-0.001833,-0.002443
1764071254089,0.000611,0.001222,0.003665
1764071254097,-0.000611,-0.002443,-0.001833
1764071254105,-0.001222,0.000611,0.002443
1764071254113,-0.000611,-0.001833,0.000000
1764071254121,-0.001222,0.001833,0.000611
1764071254129,-0.000611,0.001833,0.001833
1764071254137,0.001833,-0.000611,0.001833
1764071254145,0.000000,0.000000,0.001222
1764071254153,-0.000611,-0.001833,-0.000611
1764071254161,0.087354,0.084910,0.007330
